date_key,full_date,year,quarter,month,month_name,week_of_year,day_of_week,day_name,is_weekend,holiday_flag,fiscal_quarter,fiscal_year,season,campaign_period_flag
20230101,2023-01-01,2023,1,1,January,52,7,Sunday,True,True,1,2023,Winter,False
20230102,2023-01-02,2023,1,1,January,1,1,Monday,False,False,1,2023,Winter,True
20230103,2023-01-03,2023,1,1,January,1,2,Tuesday,False,False,1,2023,Winter,True
20230104,2023-01-04,2023,1,1,January,1,3,Wednesday,False,False,1,2023,Winter,True
20230105,2023-01-05,2023,1,1,January,1,4,Thursday,False,False,1,2023,Winter,True
20230106,2023-01-06,2023,1,1,January,1,5,Friday,False,False,1,2023,Winter,True
20230107,2023-01-07,2023,1,1,January,1,6,Saturday,True,False,1,2023,Winter,True
20230108,2023-01-08,2023,1,1,January,1,7,Sunday,True,False,1,2023,Winter,True
20230109,2023-01-09,2023,1,1,January,2,1,Monday,False,False,1,2023,Winter,True
20230110,2023-01-10,2023,1,1,January,2,2,Tuesday,False,False,1,2023,Winter,True
20230111,2023-01-11,2023,1,1,January,2,3,Wednesday,False,False,1,2023,Winter,True
20230112,2023-01-12,2023,1,1,January,2,4,Thursday,False,False,1,2023,Winter,True
20230113,2023-01-13,2023,1,1,January,2,5,Friday,False,False,1,2023,Winter,True
20230114,2023-01-14,2023,1,1,January,2,6,Saturday,True,False,1,2023,Winter,True
20230115,2023-01-15,2023,1,1,January,2,7,Sunday,True,False,1,2023,Winter,True
20230116,2023-01-16,2023,1,1,January,3,1,Monday,False,False,1,2023,Winter,True
20230117,2023-01-17,2023,1,1,January,3,2,Tuesday,False,False,1,2023,Winter,True
20230118,2023-01-18,2023,1,1,January,3,3,Wednesday,False,False,1,2023,Winter,True
20230119,2023-01-19,2023,1,1,January,3,4,Thursday,False,False,1,2023,Winter,True
20230120,2023-01-20,2023,1,1,January,3,5,Friday,False,False,1,2023,Winter,True
20230121,2023-01-21,2023,1,1,January,3,6,Saturday,True,False,1,2023,Winter,True
20230122,2023-01-22,2023,1,1,January,3,7,Sunday,True,False,1,2023,Winter,False
20230123,2023-01-23,2023,1,1,January,4,1,Monday,False,False,1,2023,Winter,False
20230124,2023-01-24,2023,1,1,January,4,2,Tuesday,False,False,1,2023,Winter,False
20230125,2023-01-25,2023,1,1,January,4,3,Wednesday,False,False,1,2023,Winter,False
20230126,2023-01-26,2023,1,1,January,4,4,Thursday,False,False,1,2023,Winter,False
20230127,2023-01-27,2023,1,1,January,4,5,Friday,False,False,1,2023,Winter,False
20230128,2023-01-28,2023,1,1,January,4,6,Saturday,True,False,1,2023,Winter,False
20230129,2023-01-29,2023,1,1,January,4,7,Sunday,True,False,1,2023,Winter,False
20230130,2023-01-30,2023,1,1,January,5,1,Monday,False,False,1,2023,Winter,False
20230131,2023-01-31,2023,1,1,January,5,2,Tuesday,False,False,1,2023,Winter,False
20230201,2023-02-01,2023,1,2,February,5,3,Wednesday,False,False,1,2023,Winter,False
20230202,2023-02-02,2023,1,2,February,5,4,Thursday,False,False,1,2023,Winter,False
20230203,2023-02-03,2023,1,2,February,5,5,Friday,False,False,1,2023,Winter,False
20230204,2023-02-04,2023,1,2,February,5,6,Saturday,True,False,1,2023,Winter,False
20230205,2023-02-05,2023,1,2,February,5,7,Sunday,True,False,1,2023,Winter,False
20230206,2023-02-06,2023,1,2,February,6,1,Monday,False,False,1,2023,Winter,False
20230207,2023-02-07,2023,1,2,February,6,2,Tuesday,False,False,1,2023,Winter,False
20230208,2023-02-08,2023,1,2,February,6,3,Wednesday,False,False,1,2023,Winter,False
20230209,2023-02-09,2023,1,2,February,6,4,Thursday,False,False,1,2023,Winter,False
20230210,2023-02-10,2023,1,2,February,6,5,Friday,False,False,1,2023,Winter,False
20230211,2023-02-11,2023,1,2,February,6,6,Saturday,True,False,1,2023,Winter,False
20230212,2023-02-12,2023,1,2,February,6,7,Sunday,True,False,1,2023,Winter,False
20230213,2023-02-13,2023,1,2,February,7,1,Monday,False,False,1,2023,Winter,False
20230214,2023-02-14,2023,1,2,February,7,2,Tuesday,False,False,1,2023,Winter,False
20230215,2023-02-15,2023,1,2,February,7,3,Wednesday,False,False,1,2023,Winter,True
20230216,2023-02-16,2023,1,2,February,7,4,Thursday,False,False,1,2023,Winter,True
20230217,2023-02-17,2023,1,2,February,7,5,Friday,False,False,1,2023,Winter,True
20230218,2023-02-18,2023,1,2,February,7,6,Saturday,True,False,1,2023,Winter,True
20230219,2023-02-19,2023,1,2,February,7,7,Sunday,True,False,1,2023,Winter,True
20230220,2023-02-20,2023,1,2,February,8,1,Monday,False,False,1,2023,Winter,True
20230221,2023-02-21,2023,1,2,February,8,2,Tuesday,False,False,1,2023,Winter,True
20230222,2023-02-22,2023,1,2,February,8,3,Wednesday,False,False,1,2023,Winter,True
20230223,2023-02-23,2023,1,2,February,8,4,Thursday,False,False,1,2023,Winter,True
20230224,2023-02-24,2023,1,2,February,8,5,Friday,False,False,1,2023,Winter,True
20230225,2023-02-25,2023,1,2,February,8,6,Saturday,True,False,1,2023,Winter,True
20230226,2023-02-26,2023,1,2,February,8,7,Sunday,True,False,1,2023,Winter,True
20230227,2023-02-27,2023,1,2,February,9,1,Monday,False,False,1,2023,Winter,True
20230228,2023-02-28,2023,1,2,February,9,2,Tuesday,False,False,1,2023,Winter,True
20230301,2023-03-01,2023,1,3,March,9,3,Wednesday,False,False,1,2023,Spring,True
20230302,2023-03-02,2023,1,3,March,9,4,Thursday,False,False,1,2023,Spring,True
20230303,2023-03-03,2023,1,3,March,9,5,Friday,False,False,1,2023,Spring,True
20230304,2023-03-04,2023,1,3,March,9,6,Saturday,True,False,1,2023,Spring,True
20230305,2023-03-05,2023,1,3,March,9,7,Sunday,True,False,1,2023,Spring,True
20230306,2023-03-06,2023,1,3,March,10,1,Monday,False,False,1,2023,Spring,True
20230307,2023-03-07,2023,1,3,March,10,2,Tuesday,False,False,1,2023,Spring,True
20230308,2023-03-08,2023,1,3,March,10,3,Wednesday,False,False,1,2023,Spring,True
20230309,2023-03-09,2023,1,3,March,10,4,Thursday,False,False,1,2023,Spring,True
20230310,2023-03-10,2023,1,3,March,10,5,Friday,False,False,1,2023,Spring,True
20230311,2023-03-11,2023,1,3,March,10,6,Saturday,True,False,1,2023,Spring,True
20230312,2023-03-12,2023,1,3,March,10,7,Sunday,True,False,1,2023,Spring,True
20230313,2023-03-13,2023,1,3,March,11,1,Monday,False,False,1,2023,Spring,True
20230314,2023-03-14,2023,1,3,March,11,2,Tuesday,False,False,1,2023,Spring,True
20230315,2023-03-15,2023,1,3,March,11,3,Wednesday,False,False,1,2023,Spring,True
20230316,2023-03-16,2023,1,3,March,11,4,Thursday,False,False,1,2023,Spring,False
20230317,2023-03-17,2023,1,3,March,11,5,Friday,False,False,1,2023,Spring,False
20230318,2023-03-18,2023,1,3,March,11,6,Saturday,True,False,1,2023,Spring,False
20230319,2023-03-19,2023,1,3,March,11,7,Sunday,True,False,1,2023,Spring,False
20230320,2023-03-20,2023,1,3,March,12,1,Monday,False,False,1,2023,Spring,False
20230321,2023-03-21,2023,1,3,March,12,2,Tuesday,False,False,1,2023,Spring,False
20230322,2023-03-22,2023,1,3,March,12,3,Wednesday,False,False,1,2023,Spring,False
20230323,2023-03-23,2023,1,3,March,12,4,Thursday,False,False,1,2023,Spring,False
20230324,2023-03-24,2023,1,3,March,12,5,Friday,False,False,1,2023,Spring,False
20230325,2023-03-25,2023,1,3,March,12,6,Saturday,True,False,1,2023,Spring,False
20230326,2023-03-26,2023,1,3,March,12,7,Sunday,True,False,1,2023,Spring,False
20230327,2023-03-27,2023,1,3,March,13,1,Monday,False,False,1,2023,Spring,False
20230328,2023-03-28,2023,1,3,March,13,2,Tuesday,False,False,1,2023,Spring,False
20230329,2023-03-29,2023,1,3,March,13,3,Wednesday,False,False,1,2023,Spring,False
20230330,2023-03-30,2023,1,3,March,13,4,Thursday,False,False,1,2023,Spring,False
20230331,2023-03-31,2023,1,3,March,13,5,Friday,False,False,1,2023,Spring,False
20230401,2023-04-01,2023,2,4,April,13,6,Saturday,True,False,2,2023,Spring,False
20230402,2023-04-02,2023,2,4,April,13,7,Sunday,True,False,2,2023,Spring,False
20230403,2023-04-03,2023,2,4,April,14,1,Monday,False,False,2,2023,Spring,False
20230404,2023-04-04,2023,2,4,April,14,2,Tuesday,False,False,2,2023,Spring,False
20230405,2023-04-05,2023,2,4,April,14,3,Wednesday,False,False,2,2023,Spring,False
20230406,2023-04-06,2023,2,4,April,14,4,Thursday,False,False,2,2023,Spring,False
20230407,2023-04-07,2023,2,4,April,14,5,Friday,False,False,2,2023,Spring,False
20230408,2023-04-08,2023,2,4,April,14,6,Saturday,True,False,2,2023,Spring,False
20230409,2023-04-09,2023,2,4,April,14,7,Sunday,True,False,2,2023,Spring,False
20230410,2023-04-10,2023,2,4,April,15,1,Monday,False,False,2,2023,Spring,False
20230411,2023-04-11,2023,2,4,April,15,2,Tuesday,False,False,2,2023,Spring,False
20230412,2023-04-12,2023,2,4,April,15,3,Wednesday,False,False,2,2023,Spring,False
20230413,2023-04-13,2023,2,4,April,15,4,Thursday,False,False,2,2023,Spring,False
20230414,2023-04-14,2023,2,4,April,15,5,Friday,False,False,2,2023,Spring,False
20230415,2023-04-15,2023,2,4,April,15,6,Saturday,True,False,2,2023,Spring,False
20230416,2023-04-16,2023,2,4,April,15,7,Sunday,True,False,2,2023,Spring,False
20230417,2023-04-17,2023,2,4,April,16,1,Monday,False,False,2,2023,Spring,False
20230418,2023-04-18,2023,2,4,April,16,2,Tuesday,False,False,2,2023,Spring,False
20230419,2023-04-19,2023,2,4,April,16,3,Wednesday,False,False,2,2023,Spring,False
20230420,2023-04-20,2023,2,4,April,16,4,Thursday,False,False,2,2023,Spring,False
20230421,2023-04-21,2023,2,4,April,16,5,Friday,False,False,2,2023,Spring,False
20230422,2023-04-22,2023,2,4,April,16,6,Saturday,True,False,2,2023,Spring,False
20230423,2023-04-23,2023,2,4,April,16,7,Sunday,True,False,2,2023,Spring,False
20230424,2023-04-24,2023,2,4,April,17,1,Monday,False,False,2,2023,Spring,False
20230425,2023-04-25,2023,2,4,April,17,2,Tuesday,False,False,2,2023,Spring,False
20230426,2023-04-26,2023,2,4,April,17,3,Wednesday,False,False,2,2023,Spring,False
20230427,2023-04-27,2023,2,4,April,17,4,Thursday,False,False,2,2023,Spring,False
20230428,2023-04-28,2023,2,4,April,17,5,Friday,False,False,2,2023,Spring,False
20230429,2023-04-29,2023,2,4,April,17,6,Saturday,True,False,2,2023,Spring,False
20230430,2023-04-30,2023,2,4,April,17,7,Sunday,True,False,2,2023,Spring,False
20230501,2023-05-01,2023,2,5,May,18,1,Monday,False,False,2,2023,Spring,False
20230502,2023-05-02,2023,2,5,May,18,2,Tuesday,False,False,2,2023,Spring,False
20230503,2023-05-03,2023,2,5,May,18,3,Wednesday,False,False,2,2023,Spring,False
20230504,2023-05-04,2023,2,5,May,18,4,Thursday,False,False,2,2023,Spring,False
20230505,2023-05-05,2023,2,5,May,18,5,Friday,False,False,2,2023,Spring,False
20230506,2023-05-06,2023,2,5,May,18,6,Saturday,True,False,2,2023,Spring,False
20230507,2023-05-07,2023,2,5,May,18,7,Sunday,True,False,2,2023,Spring,False
20230508,2023-05-08,2023,2,5,May,19,1,Monday,False,False,2,2023,Spring,False
20230509,2023-05-09,2023,2,5,May,19,2,Tuesday,False,False,2,2023,Spring,False
20230510,2023-05-10,2023,2,5,May,19,3,Wednesday,False,False,2,2023,Spring,False
20230511,2023-05-11,2023,2,5,May,19,4,Thursday,False,False,2,2023,Spring,False
20230512,2023-05-12,2023,2,5,May,19,5,Friday,False,False,2,2023,Spring,False
20230513,2023-05-13,2023,2,5,May,19,6,Saturday,True,False,2,2023,Spring,False
20230514,2023-05-14,2023,2,5,May,19,7,Sunday,True,False,2,2023,Spring,False
20230515,2023-05-15,2023,2,5,May,20,1,Monday,False,False,2,2023,Spring,False
20230516,2023-05-16,2023,2,5,May,20,2,Tuesday,False,False,2,2023,Spring,False
20230517,2023-05-17,2023,2,5,May,20,3,Wednesday,False,False,2,2023,Spring,False
20230518,2023-05-18,2023,2,5,May,20,4,Thursday,False,False,2,2023,Spring,False
20230519,2023-05-19,2023,2,5,May,20,5,Friday,False,False,2,2023,Spring,False
20230520,2023-05-20,2023,2,5,May,20,6,Saturday,True,False,2,2023,Spring,False
20230521,2023-05-21,2023,2,5,May,20,7,Sunday,True,False,2,2023,Spring,False
20230522,2023-05-22,2023,2,5,May,21,1,Monday,False,False,2,2023,Spring,False
20230523,2023-05-23,2023,2,5,May,21,2,Tuesday,False,False,2,2023,Spring,False
20230524,2023-05-24,2023,2,5,May,21,3,Wednesday,False,False,2,2023,Spring,False
20230525,2023-05-25,2023,2,5,May,21,4,Thursday,False,False,2,2023,Spring,False
20230526,2023-05-26,2023,2,5,May,21,5,Friday,False,False,2,2023,Spring,False
20230527,2023-05-27,2023,2,5,May,21,6,Saturday,True,False,2,2023,Spring,False
20230528,2023-05-28,2023,2,5,May,21,7,Sunday,True,False,2,2023,Spring,False
20230529,2023-05-29,2023,2,5,May,22,1,Monday,False,True,2,2023,Spring,False
20230530,2023-05-30,2023,2,5,May,22,2,Tuesday,False,False,2,2023,Spring,False
20230531,2023-05-31,2023,2,5,May,22,3,Wednesday,False,False,2,2023,Spring,False
20230601,2023-06-01,2023,2,6,June,22,4,Thursday,False,False,2,2023,Summer,False
20230602,2023-06-02,2023,2,6,June,22,5,Friday,False,False,2,2023,Summer,False
20230603,2023-06-03,2023,2,6,June,22,6,Saturday,True,False,2,2023,Summer,False
20230604,2023-06-04,2023,2,6,June,22,7,Sunday,True,False,2,2023,Summer,False
20230605,2023-06-05,2023,2,6,June,23,1,Monday,False,False,2,2023,Summer,False
20230606,2023-06-06,2023,2,6,June,23,2,Tuesday,False,False,2,2023,Summer,False
20230607,2023-06-07,2023,2,6,June,23,3,Wednesday,False,False,2,2023,Summer,False
20230608,2023-06-08,2023,2,6,June,23,4,Thursday,False,False,2,2023,Summer,False
20230609,2023-06-09,2023,2,6,June,23,5,Friday,False,False,2,2023,Summer,False
20230610,2023-06-10,2023,2,6,June,23,6,Saturday,True,False,2,2023,Summer,False
20230611,2023-06-11,2023,2,6,June,23,7,Sunday,True,False,2,2023,Summer,False
20230612,2023-06-12,2023,2,6,June,24,1,Monday,False,False,2,2023,Summer,False
20230613,2023-06-13,2023,2,6,June,24,2,Tuesday,False,False,2,2023,Summer,False
20230614,2023-06-14,2023,2,6,June,24,3,Wednesday,False,False,2,2023,Summer,False
20230615,2023-06-15,2023,2,6,June,24,4,Thursday,False,False,2,2023,Summer,False
20230616,2023-06-16,2023,2,6,June,24,5,Friday,False,False,2,2023,Summer,False
20230617,2023-06-17,2023,2,6,June,24,6,Saturday,True,False,2,2023,Summer,False
20230618,2023-06-18,2023,2,6,June,24,7,Sunday,True,False,2,2023,Summer,False
20230619,2023-06-19,2023,2,6,June,25,1,Monday,False,False,2,2023,Summer,False
20230620,2023-06-20,2023,2,6,June,25,2,Tuesday,False,False,2,2023,Summer,False
20230621,2023-06-21,2023,2,6,June,25,3,Wednesday,False,False,2,2023,Summer,False
20230622,2023-06-22,2023,2,6,June,25,4,Thursday,False,False,2,2023,Summer,False
20230623,2023-06-23,2023,2,6,June,25,5,Friday,False,False,2,2023,Summer,False
20230624,2023-06-24,2023,2,6,June,25,6,Saturday,True,False,2,2023,Summer,False
20230625,2023-06-25,2023,2,6,June,25,7,Sunday,True,False,2,2023,Summer,False
20230626,2023-06-26,2023,2,6,June,26,1,Monday,False,False,2,2023,Summer,False
20230627,2023-06-27,2023,2,6,June,26,2,Tuesday,False,False,2,2023,Summer,False
20230628,2023-06-28,2023,2,6,June,26,3,Wednesday,False,False,2,2023,Summer,False
20230629,2023-06-29,2023,2,6,June,26,4,Thursday,False,False,2,2023,Summer,False
20230630,2023-06-30,2023,2,6,June,26,5,Friday,False,False,2,2023,Summer,False
20230701,2023-07-01,2023,3,7,July,26,6,Saturday,True,False,3,2023,Summer,False
20230702,2023-07-02,2023,3,7,July,26,7,Sunday,True,False,3,2023,Summer,False
20230703,2023-07-03,2023,3,7,July,27,1,Monday,False,False,3,2023,Summer,False
20230704,2023-07-04,2023,3,7,July,27,2,Tuesday,False,True,3,2023,Summer,False
20230705,2023-07-05,2023,3,7,July,27,3,Wednesday,False,False,3,2023,Summer,True
20230706,2023-07-06,2023,3,7,July,27,4,Thursday,False,False,3,2023,Summer,True
20230707,2023-07-07,2023,3,7,July,27,5,Friday,False,False,3,2023,Summer,True
20230708,2023-07-08,2023,3,7,July,27,6,Saturday,True,False,3,2023,Summer,True
20230709,2023-07-09,2023,3,7,July,27,7,Sunday,True,False,3,2023,Summer,True
20230710,2023-07-10,2023,3,7,July,28,1,Monday,False,False,3,2023,Summer,True
20230711,2023-07-11,2023,3,7,July,28,2,Tuesday,False,False,3,2023,Summer,True
20230712,2023-07-12,2023,3,7,July,28,3,Wednesday,False,False,3,2023,Summer,True
20230713,2023-07-13,2023,3,7,July,28,4,Thursday,False,False,3,2023,Summer,True
20230714,2023-07-14,2023,3,7,July,28,5,Friday,False,False,3,2023,Summer,True
20230715,2023-07-15,2023,3,7,July,28,6,Saturday,True,False,3,2023,Summer,True
20230716,2023-07-16,2023,3,7,July,28,7,Sunday,True,False,3,2023,Summer,True
20230717,2023-07-17,2023,3,7,July,29,1,Monday,False,False,3,2023,Summer,True
20230718,2023-07-18,2023,3,7,July,29,2,Tuesday,False,False,3,2023,Summer,True
20230719,2023-07-19,2023,3,7,July,29,3,Wednesday,False,False,3,2023,Summer,True
20230720,2023-07-20,2023,3,7,July,29,4,Thursday,False,False,3,2023,Summer,True
20230721,2023-07-21,2023,3,7,July,29,5,Friday,False,False,3,2023,Summer,True
20230722,2023-07-22,2023,3,7,July,29,6,Saturday,True,False,3,2023,Summer,True
20230723,2023-07-23,2023,3,7,July,29,7,Sunday,True,False,3,2023,Summer,True
20230724,2023-07-24,2023,3,7,July,30,1,Monday,False,False,3,2023,Summer,True
20230725,2023-07-25,2023,3,7,July,30,2,Tuesday,False,False,3,2023,Summer,True
20230726,2023-07-26,2023,3,7,July,30,3,Wednesday,False,False,3,2023,Summer,False
20230727,2023-07-27,2023,3,7,July,30,4,Thursday,False,False,3,2023,Summer,False
20230728,2023-07-28,2023,3,7,July,30,5,Friday,False,False,3,2023,Summer,False
20230729,2023-07-29,2023,3,7,July,30,6,Saturday,True,False,3,2023,Summer,False
20230730,2023-07-30,2023,3,7,July,30,7,Sunday,True,False,3,2023,Summer,False
20230731,2023-07-31,2023,3,7,July,31,1,Monday,False,False,3,2023,Summer,False
20230801,2023-08-01,2023,3,8,August,31,2,Tuesday,False,False,3,2023,Summer,True
20230802,2023-08-02,2023,3,8,August,31,3,Wednesday,False,False,3,2023,Summer,True
20230803,2023-08-03,2023,3,8,August,31,4,Thursday,False,False,3,2023,Summer,True
20230804,2023-08-04,2023,3,8,August,31,5,Friday,False,False,3,2023,Summer,True
20230805,2023-08-05,2023,3,8,August,31,6,Saturday,True,False,3,2023,Summer,True
20230806,2023-08-06,2023,3,8,August,31,7,Sunday,True,False,3,2023,Summer,True
20230807,2023-08-07,2023,3,8,August,32,1,Monday,False,False,3,2023,Summer,True
20230808,2023-08-08,2023,3,8,August,32,2,Tuesday,False,False,3,2023,Summer,True
20230809,2023-08-09,2023,3,8,August,32,3,Wednesday,False,False,3,2023,Summer,True
20230810,2023-08-10,2023,3,8,August,32,4,Thursday,False,False,3,2023,Summer,True
20230811,2023-08-11,2023,3,8,August,32,5,Friday,False,False,3,2023,Summer,True
20230812,2023-08-12,2023,3,8,August,32,6,Saturday,True,False,3,2023,Summer,True
20230813,2023-08-13,2023,3,8,August,32,7,Sunday,True,False,3,2023,Summer,True
20230814,2023-08-14,2023,3,8,August,33,1,Monday,False,False,3,2023,Summer,True
20230815,2023-08-15,2023,3,8,August,33,2,Tuesday,False,False,3,2023,Summer,True
20230816,2023-08-16,2023,3,8,August,33,3,Wednesday,False,False,3,2023,Summer,True
20230817,2023-08-17,2023,3,8,August,33,4,Thursday,False,False,3,2023,Summer,True
20230818,2023-08-18,2023,3,8,August,33,5,Friday,False,False,3,2023,Summer,True
20230819,2023-08-19,2023,3,8,August,33,6,Saturday,True,False,3,2023,Summer,True
20230820,2023-08-20,2023,3,8,August,33,7,Sunday,True,False,3,2023,Summer,True
20230821,2023-08-21,2023,3,8,August,34,1,Monday,False,False,3,2023,Summer,True
20230822,2023-08-22,2023,3,8,August,34,2,Tuesday,False,False,3,2023,Summer,False
20230823,2023-08-23,2023,3,8,August,34,3,Wednesday,False,False,3,2023,Summer,False
20230824,2023-08-24,2023,3,8,August,34,4,Thursday,False,False,3,2023,Summer,False
20230825,2023-08-25,2023,3,8,August,34,5,Friday,False,False,3,2023,Summer,False
20230826,2023-08-26,2023,3,8,August,34,6,Saturday,True,False,3,2023,Summer,False
20230827,2023-08-27,2023,3,8,August,34,7,Sunday,True,False,3,2023,Summer,False
20230828,2023-08-28,2023,3,8,August,35,1,Monday,False,False,3,2023,Summer,False
20230829,2023-08-29,2023,3,8,August,35,2,Tuesday,False,False,3,2023,Summer,False
20230830,2023-08-30,2023,3,8,August,35,3,Wednesday,False,False,3,2023,Summer,False
20230831,2023-08-31,2023,3,8,August,35,4,Thursday,False,False,3,2023,Summer,False
20230901,2023-09-01,2023,3,9,September,35,5,Friday,False,False,3,2023,Fall,False
20230902,2023-09-02,2023,3,9,September,35,6,Saturday,True,False,3,2023,Fall,False
20230903,2023-09-03,2023,3,9,September,35,7,Sunday,True,False,3,2023,Fall,False
20230904,2023-09-04,2023,3,9,September,36,1,Monday,False,True,3,2023,Fall,False
20230905,2023-09-05,2023,3,9,September,36,2,Tuesday,False,False,3,2023,Fall,False
20230906,2023-09-06,2023,3,9,September,36,3,Wednesday,False,False,3,2023,Fall,False
20230907,2023-09-07,2023,3,9,September,36,4,Thursday,False,False,3,2023,Fall,False
20230908,2023-09-08,2023,3,9,September,36,5,Friday,False,False,3,2023,Fall,False
20230909,2023-09-09,2023,3,9,September,36,6,Saturday,True,False,3,2023,Fall,False
20230910,2023-09-10,2023,3,9,September,36,7,Sunday,True,False,3,2023,Fall,False
20230911,2023-09-11,2023,3,9,September,37,1,Monday,False,False,3,2023,Fall,False
20230912,2023-09-12,2023,3,9,September,37,2,Tuesday,False,False,3,2023,Fall,False
20230913,2023-09-13,2023,3,9,September,37,3,Wednesday,False,False,3,2023,Fall,False
20230914,2023-09-14,2023,3,9,September,37,4,Thursday,False,False,3,2023,Fall,False
20230915,2023-09-15,2023,3,9,September,37,5,Friday,False,False,3,2023,Fall,False
20230916,2023-09-16,2023,3,9,September,37,6,Saturday,True,False,3,2023,Fall,False
20230917,2023-09-17,2023,3,9,September,37,7,Sunday,True,False,3,2023,Fall,False
20230918,2023-09-18,2023,3,9,September,38,1,Monday,False,False,3,2023,Fall,False
20230919,2023-09-19,2023,3,9,September,38,2,Tuesday,False,False,3,2023,Fall,False
20230920,2023-09-20,2023,3,9,September,38,3,Wednesday,False,False,3,2023,Fall,False
20230921,2023-09-21,2023,3,9,September,38,4,Thursday,False,False,3,2023,Fall,False
20230922,2023-09-22,2023,3,9,September,38,5,Friday,False,False,3,2023,Fall,False
20230923,2023-09-23,2023,3,9,September,38,6,Saturday,True,False,3,2023,Fall,False
20230924,2023-09-24,2023,3,9,September,38,7,Sunday,True,False,3,2023,Fall,False
20230925,2023-09-25,2023,3,9,September,39,1,Monday,False,False,3,2023,Fall,False
20230926,2023-09-26,2023,3,9,September,39,2,Tuesday,False,False,3,2023,Fall,False
20230927,2023-09-27,2023,3,9,September,39,3,Wednesday,False,False,3,2023,Fall,False
20230928,2023-09-28,2023,3,9,September,39,4,Thursday,False,False,3,2023,Fall,False
20230929,2023-09-29,2023,3,9,September,39,5,Friday,False,False,3,2023,Fall,False
20230930,2023-09-30,2023,3,9,September,39,6,Saturday,True,False,3,2023,Fall,False
20231001,2023-10-01,2023,4,10,October,39,7,Sunday,True,False,4,2023,Fall,False
20231002,2023-10-02,2023,4,10,October,40,1,Monday,False,False,4,2023,Fall,False
20231003,2023-10-03,2023,4,10,October,40,2,Tuesday,False,False,4,2023,Fall,False
20231004,2023-10-04,2023,4,10,October,40,3,Wednesday,False,False,4,2023,Fall,False
20231005,2023-10-05,2023,4,10,October,40,4,Thursday,False,False,4,2023,Fall,False
20231006,2023-10-06,2023,4,10,October,40,5,Friday,False,False,4,2023,Fall,False
20231007,2023-10-07,2023,4,10,October,40,6,Saturday,True,False,4,2023,Fall,False
20231008,2023-10-08,2023,4,10,October,40,7,Sunday,True,False,4,2023,Fall,False
20231009,2023-10-09,2023,4,10,October,41,1,Monday,False,False,4,2023,Fall,False
20231010,2023-10-10,2023,4,10,October,41,2,Tuesday,False,False,4,2023,Fall,False
20231011,2023-10-11,2023,4,10,October,41,3,Wednesday,False,False,4,2023,Fall,False
20231012,2023-10-12,2023,4,10,October,41,4,Thursday,False,False,4,2023,Fall,False
20231013,2023-10-13,2023,4,10,October,41,5,Friday,False,False,4,2023,Fall,False
20231014,2023-10-14,2023,4,10,October,41,6,Saturday,True,False,4,2023,Fall,False
20231015,2023-10-15,2023,4,10,October,41,7,Sunday,True,False,4,2023,Fall,False
20231016,2023-10-16,2023,4,10,October,42,1,Monday,False,False,4,2023,Fall,False
20231017,2023-10-17,2023,4,10,October,42,2,Tuesday,False,False,4,2023,Fall,False
20231018,2023-10-18,2023,4,10,October,42,3,Wednesday,False,False,4,2023,Fall,False
20231019,2023-10-19,2023,4,10,October,42,4,Thursday,False,False,4,2023,Fall,False
20231020,2023-10-20,2023,4,10,October,42,5,Friday,False,False,4,2023,Fall,False
20231021,2023-10-21,2023,4,10,October,42,6,Saturday,True,False,4,2023,Fall,False
20231022,2023-10-22,2023,4,10,October,42,7,Sunday,True,False,4,2023,Fall,False
20231023,2023-10-23,2023,4,10,October,43,1,Monday,False,False,4,2023,Fall,False
20231024,2023-10-24,2023,4,10,October,43,2,Tuesday,False,False,4,2023,Fall,False
20231025,2023-10-25,2023,4,10,October,43,3,Wednesday,False,False,4,2023,Fall,False
20231026,2023-10-26,2023,4,10,October,43,4,Thursday,False,False,4,2023,Fall,False
20231027,2023-10-27,2023,4,10,October,43,5,Friday,False,False,4,2023,Fall,False
20231028,2023-10-28,2023,4,10,October,43,6,Saturday,True,False,4,2023,Fall,False
20231029,2023-10-29,2023,4,10,October,43,7,Sunday,True,False,4,2023,Fall,False
20231030,2023-10-30,2023,4,10,October,44,1,Monday,False,False,4,2023,Fall,False
20231031,2023-10-31,2023,4,10,October,44,2,Tuesday,False,False,4,2023,Fall,False
20231101,2023-11-01,2023,4,11,November,44,3,Wednesday,False,False,4,2023,Fall,True
20231102,2023-11-02,2023,4,11,November,44,4,Thursday,False,False,4,2023,Fall,True
20231103,2023-11-03,2023,4,11,November,44,5,Friday,False,False,4,2023,Fall,True
20231104,2023-11-04,2023,4,11,November,44,6,Saturday,True,False,4,2023,Fall,True
20231105,2023-11-05,2023,4,11,November,44,7,Sunday,True,False,4,2023,Fall,True
20231106,2023-11-06,2023,4,11,November,45,1,Monday,False,False,4,2023,Fall,True
20231107,2023-11-07,2023,4,11,November,45,2,Tuesday,False,False,4,2023,Fall,True
20231108,2023-11-08,2023,4,11,November,45,3,Wednesday,False,False,4,2023,Fall,True
20231109,2023-11-09,2023,4,11,November,45,4,Thursday,False,False,4,2023,Fall,True
20231110,2023-11-10,2023,4,11,November,45,5,Friday,False,False,4,2023,Fall,True
20231111,2023-11-11,2023,4,11,November,45,6,Saturday,True,False,4,2023,Fall,True
20231112,2023-11-12,2023,4,11,November,45,7,Sunday,True,False,4,2023,Fall,True
20231113,2023-11-13,2023,4,11,November,46,1,Monday,False,False,4,2023,Fall,True
20231114,2023-11-14,2023,4,11,November,46,2,Tuesday,False,False,4,2023,Fall,True
20231115,2023-11-15,2023,4,11,November,46,3,Wednesday,False,False,4,2023,Fall,True
20231116,2023-11-16,2023,4,11,November,46,4,Thursday,False,False,4,2023,Fall,True
20231117,2023-11-17,2023,4,11,November,46,5,Friday,False,False,4,2023,Fall,True
20231118,2023-11-18,2023,4,11,November,46,6,Saturday,True,False,4,2023,Fall,True
20231119,2023-11-19,2023,4,11,November,46,7,Sunday,True,False,4,2023,Fall,True
20231120,2023-11-20,2023,4,11,November,47,1,Monday,False,False,4,2023,Fall,True
20231121,2023-11-21,2023,4,11,November,47,2,Tuesday,False,False,4,2023,Fall,True
20231122,2023-11-22,2023,4,11,November,47,3,Wednesday,False,False,4,2023,Fall,True
20231123,2023-11-23,2023,4,11,November,47,4,Thursday,False,True,4,2023,Fall,True
20231124,2023-11-24,2023,4,11,November,47,5,Friday,False,True,4,2023,Fall,True
20231125,2023-11-25,2023,4,11,November,47,6,Saturday,True,False,4,2023,Fall,True
20231126,2023-11-26,2023,4,11,November,47,7,Sunday,True,False,4,2023,Fall,True
20231127,2023-11-27,2023,4,11,November,48,1,Monday,False,False,4,2023,Fall,True
20231128,2023-11-28,2023,4,11,November,48,2,Tuesday,False,False,4,2023,Fall,True
20231129,2023-11-29,2023,4,11,November,48,3,Wednesday,False,False,4,2023,Fall,True
20231130,2023-11-30,2023,4,11,November,48,4,Thursday,False,False,4,2023,Fall,True
20231201,2023-12-01,2023,4,12,December,48,5,Friday,False,False,4,2023,Winter,True
20231202,2023-12-02,2023,4,12,December,48,6,Saturday,True,False,4,2023,Winter,True
20231203,2023-12-03,2023,4,12,December,48,7,Sunday,True,False,4,2023,Winter,True
20231204,2023-12-04,2023,4,12,December,49,1,Monday,False,False,4,2023,Winter,True
20231205,2023-12-05,2023,4,12,December,49,2,Tuesday,False,False,4,2023,Winter,True
20231206,2023-12-06,2023,4,12,December,49,3,Wednesday,False,False,4,2023,Winter,True
20231207,2023-12-07,2023,4,12,December,49,4,Thursday,False,False,4,2023,Winter,True
20231208,2023-12-08,2023,4,12,December,49,5,Friday,False,False,4,2023,Winter,True
20231209,2023-12-09,2023,4,12,December,49,6,Saturday,True,False,4,2023,Winter,True
20231210,2023-12-10,2023,4,12,December,49,7,Sunday,True,False,4,2023,Winter,True
20231211,2023-12-11,2023,4,12,December,50,1,Monday,False,False,4,2023,Winter,True
20231212,2023-12-12,2023,4,12,December,50,2,Tuesday,False,False,4,2023,Winter,True
20231213,2023-12-13,2023,4,12,December,50,3,Wednesday,False,False,4,2023,Winter,True
20231214,2023-12-14,2023,4,12,December,50,4,Thursday,False,False,4,2023,Winter,True
20231215,2023-12-15,2023,4,12,December,50,5,Friday,False,False,4,2023,Winter,True
20231216,2023-12-16,2023,4,12,December,50,6,Saturday,True,False,4,2023,Winter,True
20231217,2023-12-17,2023,4,12,December,50,7,Sunday,True,False,4,2023,Winter,True
20231218,2023-12-18,2023,4,12,December,51,1,Monday,False,False,4,2023,Winter,True
20231219,2023-12-19,2023,4,12,December,51,2,Tuesday,False,False,4,2023,Winter,True
20231220,2023-12-20,2023,4,12,December,51,3,Wednesday,False,False,4,2023,Winter,True
20231221,2023-12-21,2023,4,12,December,51,4,Thursday,False,False,4,2023,Winter,True
20231222,2023-12-22,2023,4,12,December,51,5,Friday,False,False,4,2023,Winter,True
20231223,2023-12-23,2023,4,12,December,51,6,Saturday,True,False,4,2023,Winter,True
20231224,2023-12-24,2023,4,12,December,51,7,Sunday,True,False,4,2023,Winter,True
20231225,2023-12-25,2023,4,12,December,52,1,Monday,False,True,4,2023,Winter,False
20231226,2023-12-26,2023,4,12,December,52,2,Tuesday,False,False,4,2023,Winter,False
20231227,2023-12-27,2023,4,12,December,52,3,Wednesday,False,False,4,2023,Winter,False
20231228,2023-12-28,2023,4,12,December,52,4,Thursday,False,False,4,2023,Winter,False
20231229,2023-12-29,2023,4,12,December,52,5,Friday,False,False,4,2023,Winter,False
20231230,2023-12-30,2023,4,12,December,52,6,Saturday,True,False,4,2023,Winter,False
20231231,2023-12-31,2023,4,12,December,52,7,Sunday,True,False,4,2023,Winter,False
20240101,2024-01-01,2024,1,1,January,1,1,Monday,False,True,1,2024,Winter,False
20240102,2024-01-02,2024,1,1,January,1,2,Tuesday,False,False,1,2024,Winter,True
20240103,2024-01-03,2024,1,1,January,1,3,Wednesday,False,False,1,2024,Winter,True
20240104,2024-01-04,2024,1,1,January,1,4,Thursday,False,False,1,2024,Winter,True
20240105,2024-01-05,2024,1,1,January,1,5,Friday,False,False,1,2024,Winter,True
20240106,2024-01-06,2024,1,1,January,1,6,Saturday,True,False,1,2024,Winter,True
20240107,2024-01-07,2024,1,1,January,1,7,Sunday,True,False,1,2024,Winter,True
20240108,2024-01-08,2024,1,1,January,2,1,Monday,False,False,1,2024,Winter,True
20240109,2024-01-09,2024,1,1,January,2,2,Tuesday,False,False,1,2024,Winter,True
20240110,2024-01-10,2024,1,1,January,2,3,Wednesday,False,False,1,2024,Winter,True
20240111,2024-01-11,2024,1,1,January,2,4,Thursday,False,False,1,2024,Winter,True
20240112,2024-01-12,2024,1,1,January,2,5,Friday,False,False,1,2024,Winter,True
20240113,2024-01-13,2024,1,1,January,2,6,Saturday,True,False,1,2024,Winter,True
20240114,2024-01-14,2024,1,1,January,2,7,Sunday,True,False,1,2024,Winter,True
20240115,2024-01-15,2024,1,1,January,3,1,Monday,False,False,1,2024,Winter,True
20240116,2024-01-16,2024,1,1,January,3,2,Tuesday,False,False,1,2024,Winter,True
20240117,2024-01-17,2024,1,1,January,3,3,Wednesday,False,False,1,2024,Winter,True
20240118,2024-01-18,2024,1,1,January,3,4,Thursday,False,False,1,2024,Winter,True
20240119,2024-01-19,2024,1,1,January,3,5,Friday,False,False,1,2024,Winter,True
20240120,2024-01-20,2024,1,1,January,3,6,Saturday,True,False,1,2024,Winter,True
20240121,2024-01-21,2024,1,1,January,3,7,Sunday,True,False,1,2024,Winter,True
20240122,2024-01-22,2024,1,1,January,4,1,Monday,False,False,1,2024,Winter,False
20240123,2024-01-23,2024,1,1,January,4,2,Tuesday,False,False,1,2024,Winter,False
20240124,2024-01-24,2024,1,1,January,4,3,Wednesday,False,False,1,2024,Winter,False
20240125,2024-01-25,2024,1,1,January,4,4,Thursday,False,False,1,2024,Winter,False
20240126,2024-01-26,2024,1,1,January,4,5,Friday,False,False,1,2024,Winter,False
20240127,2024-01-27,2024,1,1,January,4,6,Saturday,True,False,1,2024,Winter,False
20240128,2024-01-28,2024,1,1,January,4,7,Sunday,True,False,1,2024,Winter,False
20240129,2024-01-29,2024,1,1,January,5,1,Monday,False,False,1,2024,Winter,False
20240130,2024-01-30,2024,1,1,January,5,2,Tuesday,False,False,1,2024,Winter,False
20240131,2024-01-31,2024,1,1,January,5,3,Wednesday,False,False,1,2024,Winter,False
20240201,2024-02-01,2024,1,2,February,5,4,Thursday,False,False,1,2024,Winter,False
20240202,2024-02-02,2024,1,2,February,5,5,Friday,False,False,1,2024,Winter,False
20240203,2024-02-03,2024,1,2,February,5,6,Saturday,True,False,1,2024,Winter,False
20240204,2024-02-04,2024,1,2,February,5,7,Sunday,True,False,1,2024,Winter,False
20240205,2024-02-05,2024,1,2,February,6,1,Monday,False,False,1,2024,Winter,False
20240206,2024-02-06,2024,1,2,February,6,2,Tuesday,False,False,1,2024,Winter,False
20240207,2024-02-07,2024,1,2,February,6,3,Wednesday,False,False,1,2024,Winter,False
20240208,2024-02-08,2024,1,2,February,6,4,Thursday,False,False,1,2024,Winter,False
20240209,2024-02-09,2024,1,2,February,6,5,Friday,False,False,1,2024,Winter,False
20240210,2024-02-10,2024,1,2,February,6,6,Saturday,True,False,1,2024,Winter,False
20240211,2024-02-11,2024,1,2,February,6,7,Sunday,True,False,1,2024,Winter,False
20240212,2024-02-12,2024,1,2,February,7,1,Monday,False,False,1,2024,Winter,False
20240213,2024-02-13,2024,1,2,February,7,2,Tuesday,False,False,1,2024,Winter,False
20240214,2024-02-14,2024,1,2,February,7,3,Wednesday,False,False,1,2024,Winter,False
20240215,2024-02-15,2024,1,2,February,7,4,Thursday,False,False,1,2024,Winter,True
20240216,2024-02-16,2024,1,2,February,7,5,Friday,False,False,1,2024,Winter,True
20240217,2024-02-17,2024,1,2,February,7,6,Saturday,True,False,1,2024,Winter,True
20240218,2024-02-18,2024,1,2,February,7,7,Sunday,True,False,1,2024,Winter,True
20240219,2024-02-19,2024,1,2,February,8,1,Monday,False,False,1,2024,Winter,True
20240220,2024-02-20,2024,1,2,February,8,2,Tuesday,False,False,1,2024,Winter,True
20240221,2024-02-21,2024,1,2,February,8,3,Wednesday,False,False,1,2024,Winter,True
20240222,2024-02-22,2024,1,2,February,8,4,Thursday,False,False,1,2024,Winter,True
20240223,2024-02-23,2024,1,2,February,8,5,Friday,False,False,1,2024,Winter,True
20240224,2024-02-24,2024,1,2,February,8,6,Saturday,True,False,1,2024,Winter,True
20240225,2024-02-25,2024,1,2,February,8,7,Sunday,True,False,1,2024,Winter,True
20240226,2024-02-26,2024,1,2,February,9,1,Monday,False,False,1,2024,Winter,True
20240227,2024-02-27,2024,1,2,February,9,2,Tuesday,False,False,1,2024,Winter,True
20240228,2024-02-28,2024,1,2,February,9,3,Wednesday,False,False,1,2024,Winter,True
20240229,2024-02-29,2024,1,2,February,9,4,Thursday,False,False,1,2024,Winter,True
20240301,2024-03-01,2024,1,3,March,9,5,Friday,False,False,1,2024,Spring,True
20240302,2024-03-02,2024,1,3,March,9,6,Saturday,True,False,1,2024,Spring,True
20240303,2024-03-03,2024,1,3,March,9,7,Sunday,True,False,1,2024,Spring,True
20240304,2024-03-04,2024,1,3,March,10,1,Monday,False,False,1,2024,Spring,True
20240305,2024-03-05,2024,1,3,March,10,2,Tuesday,False,False,1,2024,Spring,True
20240306,2024-03-06,2024,1,3,March,10,3,Wednesday,False,False,1,2024,Spring,True
20240307,2024-03-07,2024,1,3,March,10,4,Thursday,False,False,1,2024,Spring,True
20240308,2024-03-08,2024,1,3,March,10,5,Friday,False,False,1,2024,Spring,True
20240309,2024-03-09,2024,1,3,March,10,6,Saturday,True,False,1,2024,Spring,True
20240310,2024-03-10,2024,1,3,March,10,7,Sunday,True,False,1,2024,Spring,True
20240311,2024-03-11,2024,1,3,March,11,1,Monday,False,False,1,2024,Spring,True
20240312,2024-03-12,2024,1,3,March,11,2,Tuesday,False,False,1,2024,Spring,True
20240313,2024-03-13,2024,1,3,March,11,3,Wednesday,False,False,1,2024,Spring,True
20240314,2024-03-14,2024,1,3,March,11,4,Thursday,False,False,1,2024,Spring,True
20240315,2024-03-15,2024,1,3,March,11,5,Friday,False,False,1,2024,Spring,True
20240316,2024-03-16,2024,1,3,March,11,6,Saturday,True,False,1,2024,Spring,False
20240317,2024-03-17,2024,1,3,March,11,7,Sunday,True,False,1,2024,Spring,False
20240318,2024-03-18,2024,1,3,March,12,1,Monday,False,False,1,2024,Spring,False
20240319,2024-03-19,2024,1,3,March,12,2,Tuesday,False,False,1,2024,Spring,False
20240320,2024-03-20,2024,1,3,March,12,3,Wednesday,False,False,1,2024,Spring,False
20240321,2024-03-21,2024,1,3,March,12,4,Thursday,False,False,1,2024,Spring,False
20240322,2024-03-22,2024,1,3,March,12,5,Friday,False,False,1,2024,Spring,False
20240323,2024-03-23,2024,1,3,March,12,6,Saturday,True,False,1,2024,Spring,False
20240324,2024-03-24,2024,1,3,March,12,7,Sunday,True,False,1,2024,Spring,False
20240325,2024-03-25,2024,1,3,March,13,1,Monday,False,False,1,2024,Spring,False
20240326,2024-03-26,2024,1,3,March,13,2,Tuesday,False,False,1,2024,Spring,False
20240327,2024-03-27,2024,1,3,March,13,3,Wednesday,False,False,1,2024,Spring,False
20240328,2024-03-28,2024,1,3,March,13,4,Thursday,False,False,1,2024,Spring,False
20240329,2024-03-29,2024,1,3,March,13,5,Friday,False,False,1,2024,Spring,False
20240330,2024-03-30,2024,1,3,March,13,6,Saturday,True,False,1,2024,Spring,False
20240331,2024-03-31,2024,1,3,March,13,7,Sunday,True,False,1,2024,Spring,False
20240401,2024-04-01,2024,2,4,April,14,1,Monday,False,False,2,2024,Spring,False
20240402,2024-04-02,2024,2,4,April,14,2,Tuesday,False,False,2,2024,Spring,False
20240403,2024-04-03,2024,2,4,April,14,3,Wednesday,False,False,2,2024,Spring,False
20240404,2024-04-04,2024,2,4,April,14,4,Thursday,False,False,2,2024,Spring,False
20240405,2024-04-05,2024,2,4,April,14,5,Friday,False,False,2,2024,Spring,False
20240406,2024-04-06,2024,2,4,April,14,6,Saturday,True,False,2,2024,Spring,False
20240407,2024-04-07,2024,2,4,April,14,7,Sunday,True,False,2,2024,Spring,False
20240408,2024-04-08,2024,2,4,April,15,1,Monday,False,False,2,2024,Spring,False
20240409,2024-04-09,2024,2,4,April,15,2,Tuesday,False,False,2,2024,Spring,False
20240410,2024-04-10,2024,2,4,April,15,3,Wednesday,False,False,2,2024,Spring,False
20240411,2024-04-11,2024,2,4,April,15,4,Thursday,False,False,2,2024,Spring,False
20240412,2024-04-12,2024,2,4,April,15,5,Friday,False,False,2,2024,Spring,False
20240413,2024-04-13,2024,2,4,April,15,6,Saturday,True,False,2,2024,Spring,False
20240414,2024-04-14,2024,2,4,April,15,7,Sunday,True,False,2,2024,Spring,False
20240415,2024-04-15,2024,2,4,April,16,1,Monday,False,False,2,2024,Spring,False
20240416,2024-04-16,2024,2,4,April,16,2,Tuesday,False,False,2,2024,Spring,False
20240417,2024-04-17,2024,2,4,April,16,3,Wednesday,False,False,2,2024,Spring,False
20240418,2024-04-18,2024,2,4,April,16,4,Thursday,False,False,2,2024,Spring,False
20240419,2024-04-19,2024,2,4,April,16,5,Friday,False,False,2,2024,Spring,False
20240420,2024-04-20,2024,2,4,April,16,6,Saturday,True,False,2,2024,Spring,False
20240421,2024-04-21,2024,2,4,April,16,7,Sunday,True,False,2,2024,Spring,False
20240422,2024-04-22,2024,2,4,April,17,1,Monday,False,False,2,2024,Spring,False
20240423,2024-04-23,2024,2,4,April,17,2,Tuesday,False,False,2,2024,Spring,False
20240424,2024-04-24,2024,2,4,April,17,3,Wednesday,False,False,2,2024,Spring,False
20240425,2024-04-25,2024,2,4,April,17,4,Thursday,False,False,2,2024,Spring,False
20240426,2024-04-26,2024,2,4,April,17,5,Friday,False,False,2,2024,Spring,False
20240427,2024-04-27,2024,2,4,April,17,6,Saturday,True,False,2,2024,Spring,False
20240428,2024-04-28,2024,2,4,April,17,7,Sunday,True,False,2,2024,Spring,False
20240429,2024-04-29,2024,2,4,April,18,1,Monday,False,False,2,2024,Spring,False
20240430,2024-04-30,2024,2,4,April,18,2,Tuesday,False,False,2,2024,Spring,False
20240501,2024-05-01,2024,2,5,May,18,3,Wednesday,False,False,2,2024,Spring,False
20240502,2024-05-02,2024,2,5,May,18,4,Thursday,False,False,2,2024,Spring,False
20240503,2024-05-03,2024,2,5,May,18,5,Friday,False,False,2,2024,Spring,False
20240504,2024-05-04,2024,2,5,May,18,6,Saturday,True,False,2,2024,Spring,False
20240505,2024-05-05,2024,2,5,May,18,7,Sunday,True,False,2,2024,Spring,False
20240506,2024-05-06,2024,2,5,May,19,1,Monday,False,False,2,2024,Spring,False
20240507,2024-05-07,2024,2,5,May,19,2,Tuesday,False,False,2,2024,Spring,False
20240508,2024-05-08,2024,2,5,May,19,3,Wednesday,False,False,2,2024,Spring,False
20240509,2024-05-09,2024,2,5,May,19,4,Thursday,False,False,2,2024,Spring,False
20240510,2024-05-10,2024,2,5,May,19,5,Friday,False,False,2,2024,Spring,False
20240511,2024-05-11,2024,2,5,May,19,6,Saturday,True,False,2,2024,Spring,False
20240512,2024-05-12,2024,2,5,May,19,7,Sunday,True,False,2,2024,Spring,False
20240513,2024-05-13,2024,2,5,May,20,1,Monday,False,False,2,2024,Spring,False
20240514,2024-05-14,2024,2,5,May,20,2,Tuesday,False,False,2,2024,Spring,False
20240515,2024-05-15,2024,2,5,May,20,3,Wednesday,False,False,2,2024,Spring,False
20240516,2024-05-16,2024,2,5,May,20,4,Thursday,False,False,2,2024,Spring,False
20240517,2024-05-17,2024,2,5,May,20,5,Friday,False,False,2,2024,Spring,False
20240518,2024-05-18,2024,2,5,May,20,6,Saturday,True,False,2,2024,Spring,False
20240519,2024-05-19,2024,2,5,May,20,7,Sunday,True,False,2,2024,Spring,False
20240520,2024-05-20,2024,2,5,May,21,1,Monday,False,False,2,2024,Spring,False
20240521,2024-05-21,2024,2,5,May,21,2,Tuesday,False,False,2,2024,Spring,False
20240522,2024-05-22,2024,2,5,May,21,3,Wednesday,False,False,2,2024,Spring,False
20240523,2024-05-23,2024,2,5,May,21,4,Thursday,False,False,2,2024,Spring,False
20240524,2024-05-24,2024,2,5,May,21,5,Friday,False,False,2,2024,Spring,False
20240525,2024-05-25,2024,2,5,May,21,6,Saturday,True,False,2,2024,Spring,False
20240526,2024-05-26,2024,2,5,May,21,7,Sunday,True,False,2,2024,Spring,False
20240527,2024-05-27,2024,2,5,May,22,1,Monday,False,True,2,2024,Spring,False
20240528,2024-05-28,2024,2,5,May,22,2,Tuesday,False,False,2,2024,Spring,False
20240529,2024-05-29,2024,2,5,May,22,3,Wednesday,False,False,2,2024,Spring,False
20240530,2024-05-30,2024,2,5,May,22,4,Thursday,False,False,2,2024,Spring,False
20240531,2024-05-31,2024,2,5,May,22,5,Friday,False,False,2,2024,Spring,False
20240601,2024-06-01,2024,2,6,June,22,6,Saturday,True,False,2,2024,Summer,False
20240602,2024-06-02,2024,2,6,June,22,7,Sunday,True,False,2,2024,Summer,False
20240603,2024-06-03,2024,2,6,June,23,1,Monday,False,False,2,2024,Summer,False
20240604,2024-06-04,2024,2,6,June,23,2,Tuesday,False,False,2,2024,Summer,False
20240605,2024-06-05,2024,2,6,June,23,3,Wednesday,False,False,2,2024,Summer,False
20240606,2024-06-06,2024,2,6,June,23,4,Thursday,False,False,2,2024,Summer,False
20240607,2024-06-07,2024,2,6,June,23,5,Friday,False,False,2,2024,Summer,False
20240608,2024-06-08,2024,2,6,June,23,6,Saturday,True,False,2,2024,Summer,False
20240609,2024-06-09,2024,2,6,June,23,7,Sunday,True,False,2,2024,Summer,False
20240610,2024-06-10,2024,2,6,June,24,1,Monday,False,False,2,2024,Summer,False
20240611,2024-06-11,2024,2,6,June,24,2,Tuesday,False,False,2,2024,Summer,False
20240612,2024-06-12,2024,2,6,June,24,3,Wednesday,False,False,2,2024,Summer,False
20240613,2024-06-13,2024,2,6,June,24,4,Thursday,False,False,2,2024,Summer,False
20240614,2024-06-14,2024,2,6,June,24,5,Friday,False,False,2,2024,Summer,False
20240615,2024-06-15,2024,2,6,June,24,6,Saturday,True,False,2,2024,Summer,False
20240616,2024-06-16,2024,2,6,June,24,7,Sunday,True,False,2,2024,Summer,False
20240617,2024-06-17,2024,2,6,June,25,1,Monday,False,False,2,2024,Summer,False
20240618,2024-06-18,2024,2,6,June,25,2,Tuesday,False,False,2,2024,Summer,False
20240619,2024-06-19,2024,2,6,June,25,3,Wednesday,False,False,2,2024,Summer,False
20240620,2024-06-20,2024,2,6,June,25,4,Thursday,False,False,2,2024,Summer,False
20240621,2024-06-21,2024,2,6,June,25,5,Friday,False,False,2,2024,Summer,False
20240622,2024-06-22,2024,2,6,June,25,6,Saturday,True,False,2,2024,Summer,False
20240623,2024-06-23,2024,2,6,June,25,7,Sunday,True,False,2,2024,Summer,False
20240624,2024-06-24,2024,2,6,June,26,1,Monday,False,False,2,2024,Summer,False
20240625,2024-06-25,2024,2,6,June,26,2,Tuesday,False,False,2,2024,Summer,False
20240626,2024-06-26,2024,2,6,June,26,3,Wednesday,False,False,2,2024,Summer,False
20240627,2024-06-27,2024,2,6,June,26,4,Thursday,False,False,2,2024,Summer,False
20240628,2024-06-28,2024,2,6,June,26,5,Friday,False,False,2,2024,Summer,False
20240629,2024-06-29,2024,2,6,June,26,6,Saturday,True,False,2,2024,Summer,False
20240630,2024-06-30,2024,2,6,June,26,7,Sunday,True,False,2,2024,Summer,False
20240701,2024-07-01,2024,3,7,July,27,1,Monday,False,False,3,2024,Summer,False
20240702,2024-07-02,2024,3,7,July,27,2,Tuesday,False,False,3,2024,Summer,False
20240703,2024-07-03,2024,3,7,July,27,3,Wednesday,False,False,3,2024,Summer,False
20240704,2024-07-04,2024,3,7,July,27,4,Thursday,False,True,3,2024,Summer,False
20240705,2024-07-05,2024,3,7,July,27,5,Friday,False,False,3,2024,Summer,True
20240706,2024-07-06,2024,3,7,July,27,6,Saturday,True,False,3,2024,Summer,True
20240707,2024-07-07,2024,3,7,July,27,7,Sunday,True,False,3,2024,Summer,True
20240708,2024-07-08,2024,3,7,July,28,1,Monday,False,False,3,2024,Summer,True
20240709,2024-07-09,2024,3,7,July,28,2,Tuesday,False,False,3,2024,Summer,True
20240710,2024-07-10,2024,3,7,July,28,3,Wednesday,False,False,3,2024,Summer,True
20240711,2024-07-11,2024,3,7,July,28,4,Thursday,False,False,3,2024,Summer,True
20240712,2024-07-12,2024,3,7,July,28,5,Friday,False,False,3,2024,Summer,True
20240713,2024-07-13,2024,3,7,July,28,6,Saturday,True,False,3,2024,Summer,True
20240714,2024-07-14,2024,3,7,July,28,7,Sunday,True,False,3,2024,Summer,True
20240715,2024-07-15,2024,3,7,July,29,1,Monday,False,False,3,2024,Summer,True
20240716,2024-07-16,2024,3,7,July,29,2,Tuesday,False,False,3,2024,Summer,True
20240717,2024-07-17,2024,3,7,July,29,3,Wednesday,False,False,3,2024,Summer,True
20240718,2024-07-18,2024,3,7,July,29,4,Thursday,False,False,3,2024,Summer,True
20240719,2024-07-19,2024,3,7,July,29,5,Friday,False,False,3,2024,Summer,True
20240720,2024-07-20,2024,3,7,July,29,6,Saturday,True,False,3,2024,Summer,True
20240721,2024-07-21,2024,3,7,July,29,7,Sunday,True,False,3,2024,Summer,True
20240722,2024-07-22,2024,3,7,July,30,1,Monday,False,False,3,2024,Summer,True
20240723,2024-07-23,2024,3,7,July,30,2,Tuesday,False,False,3,2024,Summer,True
20240724,2024-07-24,2024,3,7,July,30,3,Wednesday,False,False,3,2024,Summer,True
20240725,2024-07-25,2024,3,7,July,30,4,Thursday,False,False,3,2024,Summer,True
20240726,2024-07-26,2024,3,7,July,30,5,Friday,False,False,3,2024,Summer,False
20240727,2024-07-27,2024,3,7,July,30,6,Saturday,True,False,3,2024,Summer,False
20240728,2024-07-28,2024,3,7,July,30,7,Sunday,True,False,3,2024,Summer,False
20240729,2024-07-29,2024,3,7,July,31,1,Monday,False,False,3,2024,Summer,False
20240730,2024-07-30,2024,3,7,July,31,2,Tuesday,False,False,3,2024,Summer,False
20240731,2024-07-31,2024,3,7,July,31,3,Wednesday,False,False,3,2024,Summer,False
20240801,2024-08-01,2024,3,8,August,31,4,Thursday,False,False,3,2024,Summer,True
20240802,2024-08-02,2024,3,8,August,31,5,Friday,False,False,3,2024,Summer,True
20240803,2024-08-03,2024,3,8,August,31,6,Saturday,True,False,3,2024,Summer,True
20240804,2024-08-04,2024,3,8,August,31,7,Sunday,True,False,3,2024,Summer,True
20240805,2024-08-05,2024,3,8,August,32,1,Monday,False,False,3,2024,Summer,True
20240806,2024-08-06,2024,3,8,August,32,2,Tuesday,False,False,3,2024,Summer,True
20240807,2024-08-07,2024,3,8,August,32,3,Wednesday,False,False,3,2024,Summer,True
20240808,2024-08-08,2024,3,8,August,32,4,Thursday,False,False,3,2024,Summer,True
20240809,2024-08-09,2024,3,8,August,32,5,Friday,False,False,3,2024,Summer,True
20240810,2024-08-10,2024,3,8,August,32,6,Saturday,True,False,3,2024,Summer,True
20240811,2024-08-11,2024,3,8,August,32,7,Sunday,True,False,3,2024,Summer,True
20240812,2024-08-12,2024,3,8,August,33,1,Monday,False,False,3,2024,Summer,True
20240813,2024-08-13,2024,3,8,August,33,2,Tuesday,False,False,3,2024,Summer,True
20240814,2024-08-14,2024,3,8,August,33,3,Wednesday,False,False,3,2024,Summer,True
20240815,2024-08-15,2024,3,8,August,33,4,Thursday,False,False,3,2024,Summer,True
20240816,2024-08-16,2024,3,8,August,33,5,Friday,False,False,3,2024,Summer,True
20240817,2024-08-17,2024,3,8,August,33,6,Saturday,True,False,3,2024,Summer,True
20240818,2024-08-18,2024,3,8,August,33,7,Sunday,True,False,3,2024,Summer,True
20240819,2024-08-19,2024,3,8,August,34,1,Monday,False,False,3,2024,Summer,True
20240820,2024-08-20,2024,3,8,August,34,2,Tuesday,False,False,3,2024,Summer,True
20240821,2024-08-21,2024,3,8,August,34,3,Wednesday,False,False,3,2024,Summer,True
20240822,2024-08-22,2024,3,8,August,34,4,Thursday,False,False,3,2024,Summer,False
20240823,2024-08-23,2024,3,8,August,34,5,Friday,False,False,3,2024,Summer,False
20240824,2024-08-24,2024,3,8,August,34,6,Saturday,True,False,3,2024,Summer,False
20240825,2024-08-25,2024,3,8,August,34,7,Sunday,True,False,3,2024,Summer,False
20240826,2024-08-26,2024,3,8,August,35,1,Monday,False,False,3,2024,Summer,False
20240827,2024-08-27,2024,3,8,August,35,2,Tuesday,False,False,3,2024,Summer,False
20240828,2024-08-28,2024,3,8,August,35,3,Wednesday,False,False,3,2024,Summer,False
20240829,2024-08-29,2024,3,8,August,35,4,Thursday,False,False,3,2024,Summer,False
20240830,2024-08-30,2024,3,8,August,35,5,Friday,False,False,3,2024,Summer,False
20240831,2024-08-31,2024,3,8,August,35,6,Saturday,True,False,3,2024,Summer,False
20240901,2024-09-01,2024,3,9,September,35,7,Sunday,True,False,3,2024,Fall,False
20240902,2024-09-02,2024,3,9,September,36,1,Monday,False,True,3,2024,Fall,False
20240903,2024-09-03,2024,3,9,September,36,2,Tuesday,False,False,3,2024,Fall,False
20240904,2024-09-04,2024,3,9,September,36,3,Wednesday,False,False,3,2024,Fall,False
20240905,2024-09-05,2024,3,9,September,36,4,Thursday,False,False,3,2024,Fall,False
20240906,2024-09-06,2024,3,9,September,36,5,Friday,False,False,3,2024,Fall,False
20240907,2024-09-07,2024,3,9,September,36,6,Saturday,True,False,3,2024,Fall,False
20240908,2024-09-08,2024,3,9,September,36,7,Sunday,True,False,3,2024,Fall,False
20240909,2024-09-09,2024,3,9,September,37,1,Monday,False,False,3,2024,Fall,False
20240910,2024-09-10,2024,3,9,September,37,2,Tuesday,False,False,3,2024,Fall,False
20240911,2024-09-11,2024,3,9,September,37,3,Wednesday,False,False,3,2024,Fall,False
20240912,2024-09-12,2024,3,9,September,37,4,Thursday,False,False,3,2024,Fall,False
20240913,2024-09-13,2024,3,9,September,37,5,Friday,False,False,3,2024,Fall,False
20240914,2024-09-14,2024,3,9,September,37,6,Saturday,True,False,3,2024,Fall,False
20240915,2024-09-15,2024,3,9,September,37,7,Sunday,True,False,3,2024,Fall,False
20240916,2024-09-16,2024,3,9,September,38,1,Monday,False,False,3,2024,Fall,False
20240917,2024-09-17,2024,3,9,September,38,2,Tuesday,False,False,3,2024,Fall,False
20240918,2024-09-18,2024,3,9,September,38,3,Wednesday,False,False,3,2024,Fall,False
20240919,2024-09-19,2024,3,9,September,38,4,Thursday,False,False,3,2024,Fall,False
20240920,2024-09-20,2024,3,9,September,38,5,Friday,False,False,3,2024,Fall,False
20240921,2024-09-21,2024,3,9,September,38,6,Saturday,True,False,3,2024,Fall,False
20240922,2024-09-22,2024,3,9,September,38,7,Sunday,True,False,3,2024,Fall,False
20240923,2024-09-23,2024,3,9,September,39,1,Monday,False,False,3,2024,Fall,False
20240924,2024-09-24,2024,3,9,September,39,2,Tuesday,False,False,3,2024,Fall,False
20240925,2024-09-25,2024,3,9,September,39,3,Wednesday,False,False,3,2024,Fall,False
20240926,2024-09-26,2024,3,9,September,39,4,Thursday,False,False,3,2024,Fall,False
20240927,2024-09-27,2024,3,9,September,39,5,Friday,False,False,3,2024,Fall,False
20240928,2024-09-28,2024,3,9,September,39,6,Saturday,True,False,3,2024,Fall,False
20240929,2024-09-29,2024,3,9,September,39,7,Sunday,True,False,3,2024,Fall,False
20240930,2024-09-30,2024,3,9,September,40,1,Monday,False,False,3,2024,Fall,False
20241001,2024-10-01,2024,4,10,October,40,2,Tuesday,False,False,4,2024,Fall,False
20241002,2024-10-02,2024,4,10,October,40,3,Wednesday,False,False,4,2024,Fall,False
20241003,2024-10-03,2024,4,10,October,40,4,Thursday,False,False,4,2024,Fall,False
20241004,2024-10-04,2024,4,10,October,40,5,Friday,False,False,4,2024,Fall,False
20241005,2024-10-05,2024,4,10,October,40,6,Saturday,True,False,4,2024,Fall,False
20241006,2024-10-06,2024,4,10,October,40,7,Sunday,True,False,4,2024,Fall,False
20241007,2024-10-07,2024,4,10,October,41,1,Monday,False,False,4,2024,Fall,False
20241008,2024-10-08,2024,4,10,October,41,2,Tuesday,False,False,4,2024,Fall,False
20241009,2024-10-09,2024,4,10,October,41,3,Wednesday,False,False,4,2024,Fall,False
20241010,2024-10-10,2024,4,10,October,41,4,Thursday,False,False,4,2024,Fall,False
20241011,2024-10-11,2024,4,10,October,41,5,Friday,False,False,4,2024,Fall,False
20241012,2024-10-12,2024,4,10,October,41,6,Saturday,True,False,4,2024,Fall,False
20241013,2024-10-13,2024,4,10,October,41,7,Sunday,True,False,4,2024,Fall,False
20241014,2024-10-14,2024,4,10,October,42,1,Monday,False,False,4,2024,Fall,False
20241015,2024-10-15,2024,4,10,October,42,2,Tuesday,False,False,4,2024,Fall,False
20241016,2024-10-16,2024,4,10,October,42,3,Wednesday,False,False,4,2024,Fall,False
20241017,2024-10-17,2024,4,10,October,42,4,Thursday,False,False,4,2024,Fall,False
20241018,2024-10-18,2024,4,10,October,42,5,Friday,False,False,4,2024,Fall,False
20241019,2024-10-19,2024,4,10,October,42,6,Saturday,True,False,4,2024,Fall,False
20241020,2024-10-20,2024,4,10,October,42,7,Sunday,True,False,4,2024,Fall,False
20241021,2024-10-21,2024,4,10,October,43,1,Monday,False,False,4,2024,Fall,False
20241022,2024-10-22,2024,4,10,October,43,2,Tuesday,False,False,4,2024,Fall,False
20241023,2024-10-23,2024,4,10,October,43,3,Wednesday,False,False,4,2024,Fall,False
20241024,2024-10-24,2024,4,10,October,43,4,Thursday,False,False,4,2024,Fall,False
20241025,2024-10-25,2024,4,10,October,43,5,Friday,False,False,4,2024,Fall,False
20241026,2024-10-26,2024,4,10,October,43,6,Saturday,True,False,4,2024,Fall,False
20241027,2024-10-27,2024,4,10,October,43,7,Sunday,True,False,4,2024,Fall,False
20241028,2024-10-28,2024,4,10,October,44,1,Monday,False,False,4,2024,Fall,False
20241029,2024-10-29,2024,4,10,October,44,2,Tuesday,False,False,4,2024,Fall,False
20241030,2024-10-30,2024,4,10,October,44,3,Wednesday,False,False,4,2024,Fall,False
20241031,2024-10-31,2024,4,10,October,44,4,Thursday,False,False,4,2024,Fall,False
20241101,2024-11-01,2024,4,11,November,44,5,Friday,False,False,4,2024,Fall,True
20241102,2024-11-02,2024,4,11,November,44,6,Saturday,True,False,4,2024,Fall,True
20241103,2024-11-03,2024,4,11,November,44,7,Sunday,True,False,4,2024,Fall,True
20241104,2024-11-04,2024,4,11,November,45,1,Monday,False,False,4,2024,Fall,True
20241105,2024-11-05,2024,4,11,November,45,2,Tuesday,False,False,4,2024,Fall,True
20241106,2024-11-06,2024,4,11,November,45,3,Wednesday,False,False,4,2024,Fall,True
20241107,2024-11-07,2024,4,11,November,45,4,Thursday,False,False,4,2024,Fall,True
20241108,2024-11-08,2024,4,11,November,45,5,Friday,False,False,4,2024,Fall,True
20241109,2024-11-09,2024,4,11,November,45,6,Saturday,True,False,4,2024,Fall,True
20241110,2024-11-10,2024,4,11,November,45,7,Sunday,True,False,4,2024,Fall,True
20241111,2024-11-11,2024,4,11,November,46,1,Monday,False,False,4,2024,Fall,True
20241112,2024-11-12,2024,4,11,November,46,2,Tuesday,False,False,4,2024,Fall,True
20241113,2024-11-13,2024,4,11,November,46,3,Wednesday,False,False,4,2024,Fall,True
20241114,2024-11-14,2024,4,11,November,46,4,Thursday,False,False,4,2024,Fall,True
20241115,2024-11-15,2024,4,11,November,46,5,Friday,False,False,4,2024,Fall,True
20241116,2024-11-16,2024,4,11,November,46,6,Saturday,True,False,4,2024,Fall,True
20241117,2024-11-17,2024,4,11,November,46,7,Sunday,True,False,4,2024,Fall,True
20241118,2024-11-18,2024,4,11,November,47,1,Monday,False,False,4,2024,Fall,True
20241119,2024-11-19,2024,4,11,November,47,2,Tuesday,False,False,4,2024,Fall,True
20241120,2024-11-20,2024,4,11,November,47,3,Wednesday,False,False,4,2024,Fall,True
20241121,2024-11-21,2024,4,11,November,47,4,Thursday,False,False,4,2024,Fall,True
20241122,2024-11-22,2024,4,11,November,47,5,Friday,False,False,4,2024,Fall,True
20241123,2024-11-23,2024,4,11,November,47,6,Saturday,True,False,4,2024,Fall,True
20241124,2024-11-24,2024,4,11,November,47,7,Sunday,True,False,4,2024,Fall,True
20241125,2024-11-25,2024,4,11,November,48,1,Monday,False,False,4,2024,Fall,True
20241126,2024-11-26,2024,4,11,November,48,2,Tuesday,False,False,4,2024,Fall,True
20241127,2024-11-27,2024,4,11,November,48,3,Wednesday,False,False,4,2024,Fall,True
20241128,2024-11-28,2024,4,11,November,48,4,Thursday,False,True,4,2024,Fall,True
20241129,2024-11-29,2024,4,11,November,48,5,Friday,False,True,4,2024,Fall,True
20241130,2024-11-30,2024,4,11,November,48,6,Saturday,True,False,4,2024,Fall,True
20241201,2024-12-01,2024,4,12,December,48,7,Sunday,True,False,4,2024,Winter,True
20241202,2024-12-02,2024,4,12,December,49,1,Monday,False,False,4,2024,Winter,True
20241203,2024-12-03,2024,4,12,December,49,2,Tuesday,False,False,4,2024,Winter,True
20241204,2024-12-04,2024,4,12,December,49,3,Wednesday,False,False,4,2024,Winter,True
20241205,2024-12-05,2024,4,12,December,49,4,Thursday,False,False,4,2024,Winter,True
20241206,2024-12-06,2024,4,12,December,49,5,Friday,False,False,4,2024,Winter,True
20241207,2024-12-07,2024,4,12,December,49,6,Saturday,True,False,4,2024,Winter,True
20241208,2024-12-08,2024,4,12,December,49,7,Sunday,True,False,4,2024,Winter,True
20241209,2024-12-09,2024,4,12,December,50,1,Monday,False,False,4,2024,Winter,True
20241210,2024-12-10,2024,4,12,December,50,2,Tuesday,False,False,4,2024,Winter,True
20241211,2024-12-11,2024,4,12,December,50,3,Wednesday,False,False,4,2024,Winter,True
20241212,2024-12-12,2024,4,12,December,50,4,Thursday,False,False,4,2024,Winter,True
20241213,2024-12-13,2024,4,12,December,50,5,Friday,False,False,4,2024,Winter,True
20241214,2024-12-14,2024,4,12,December,50,6,Saturday,True,False,4,2024,Winter,True
20241215,2024-12-15,2024,4,12,December,50,7,Sunday,True,False,4,2024,Winter,True
20241216,2024-12-16,2024,4,12,December,51,1,Monday,False,False,4,2024,Winter,True
20241217,2024-12-17,2024,4,12,December,51,2,Tuesday,False,False,4,2024,Winter,True
20241218,2024-12-18,2024,4,12,December,51,3,Wednesday,False,False,4,2024,Winter,True
20241219,2024-12-19,2024,4,12,December,51,4,Thursday,False,False,4,2024,Winter,True
20241220,2024-12-20,2024,4,12,December,51,5,Friday,False,False,4,2024,Winter,True
20241221,2024-12-21,2024,4,12,December,51,6,Saturday,True,False,4,2024,Winter,True
20241222,2024-12-22,2024,4,12,December,51,7,Sunday,True,False,4,2024,Winter,True
20241223,2024-12-23,2024,4,12,December,52,1,Monday,False,False,4,2024,Winter,True
20241224,2024-12-24,2024,4,12,December,52,2,Tuesday,False,False,4,2024,Winter,True
20241225,2024-12-25,2024,4,12,December,52,3,Wednesday,False,True,4,2024,Winter,False
20241226,2024-12-26,2024,4,12,December,52,4,Thursday,False,False,4,2024,Winter,False
20241227,2024-12-27,2024,4,12,December,52,5,Friday,False,False,4,2024,Winter,False
20241228,2024-12-28,2024,4,12,December,52,6,Saturday,True,False,4,2024,Winter,False
20241229,2024-12-29,2024,4,12,December,52,7,Sunday,True,False,4,2024,Winter,False
20241230,2024-12-30,2024,4,12,December,1,1,Monday,False,False,4,2024,Winter,False
20241231,2024-12-31,2024,4,12,December,1,2,Tuesday,False,False,4,2024,Winter,False
20250101,2025-01-01,2025,1,1,January,1,3,Wednesday,False,True,1,2025,Winter,False
20250102,2025-01-02,2025,1,1,January,1,4,Thursday,False,False,1,2025,Winter,True
20250103,2025-01-03,2025,1,1,January,1,5,Friday,False,False,1,2025,Winter,True
20250104,2025-01-04,2025,1,1,January,1,6,Saturday,True,False,1,2025,Winter,True
20250105,2025-01-05,2025,1,1,January,1,7,Sunday,True,False,1,2025,Winter,True
20250106,2025-01-06,2025,1,1,January,2,1,Monday,False,False,1,2025,Winter,True
20250107,2025-01-07,2025,1,1,January,2,2,Tuesday,False,False,1,2025,Winter,True
20250108,2025-01-08,2025,1,1,January,2,3,Wednesday,False,False,1,2025,Winter,True
20250109,2025-01-09,2025,1,1,January,2,4,Thursday,False,False,1,2025,Winter,True
20250110,2025-01-10,2025,1,1,January,2,5,Friday,False,False,1,2025,Winter,True
20250111,2025-01-11,2025,1,1,January,2,6,Saturday,True,False,1,2025,Winter,True
20250112,2025-01-12,2025,1,1,January,2,7,Sunday,True,False,1,2025,Winter,True
20250113,2025-01-13,2025,1,1,January,3,1,Monday,False,False,1,2025,Winter,True
20250114,2025-01-14,2025,1,1,January,3,2,Tuesday,False,False,1,2025,Winter,True
20250115,2025-01-15,2025,1,1,January,3,3,Wednesday,False,False,1,2025,Winter,True
20250116,2025-01-16,2025,1,1,January,3,4,Thursday,False,False,1,2025,Winter,True
20250117,2025-01-17,2025,1,1,January,3,5,Friday,False,False,1,2025,Winter,True
20250118,2025-01-18,2025,1,1,January,3,6,Saturday,True,False,1,2025,Winter,True
20250119,2025-01-19,2025,1,1,January,3,7,Sunday,True,False,1,2025,Winter,True
20250120,2025-01-20,2025,1,1,January,4,1,Monday,False,False,1,2025,Winter,True
20250121,2025-01-21,2025,1,1,January,4,2,Tuesday,False,False,1,2025,Winter,True
20250122,2025-01-22,2025,1,1,January,4,3,Wednesday,False,False,1,2025,Winter,False
20250123,2025-01-23,2025,1,1,January,4,4,Thursday,False,False,1,2025,Winter,False
20250124,2025-01-24,2025,1,1,January,4,5,Friday,False,False,1,2025,Winter,False
20250125,2025-01-25,2025,1,1,January,4,6,Saturday,True,False,1,2025,Winter,False
20250126,2025-01-26,2025,1,1,January,4,7,Sunday,True,False,1,2025,Winter,False
20250127,2025-01-27,2025,1,1,January,5,1,Monday,False,False,1,2025,Winter,False
20250128,2025-01-28,2025,1,1,January,5,2,Tuesday,False,False,1,2025,Winter,False
20250129,2025-01-29,2025,1,1,January,5,3,Wednesday,False,False,1,2025,Winter,False
20250130,2025-01-30,2025,1,1,January,5,4,Thursday,False,False,1,2025,Winter,False
20250131,2025-01-31,2025,1,1,January,5,5,Friday,False,False,1,2025,Winter,False
20250201,2025-02-01,2025,1,2,February,5,6,Saturday,True,False,1,2025,Winter,False
20250202,2025-02-02,2025,1,2,February,5,7,Sunday,True,False,1,2025,Winter,False
20250203,2025-02-03,2025,1,2,February,6,1,Monday,False,False,1,2025,Winter,False
20250204,2025-02-04,2025,1,2,February,6,2,Tuesday,False,False,1,2025,Winter,False
20250205,2025-02-05,2025,1,2,February,6,3,Wednesday,False,False,1,2025,Winter,False
20250206,2025-02-06,2025,1,2,February,6,4,Thursday,False,False,1,2025,Winter,False
20250207,2025-02-07,2025,1,2,February,6,5,Friday,False,False,1,2025,Winter,False
20250208,2025-02-08,2025,1,2,February,6,6,Saturday,True,False,1,2025,Winter,False
20250209,2025-02-09,2025,1,2,February,6,7,Sunday,True,False,1,2025,Winter,False
20250210,2025-02-10,2025,1,2,February,7,1,Monday,False,False,1,2025,Winter,False
20250211,2025-02-11,2025,1,2,February,7,2,Tuesday,False,False,1,2025,Winter,False
20250212,2025-02-12,2025,1,2,February,7,3,Wednesday,False,False,1,2025,Winter,False
20250213,2025-02-13,2025,1,2,February,7,4,Thursday,False,False,1,2025,Winter,False
20250214,2025-02-14,2025,1,2,February,7,5,Friday,False,False,1,2025,Winter,False
20250215,2025-02-15,2025,1,2,February,7,6,Saturday,True,False,1,2025,Winter,True
20250216,2025-02-16,2025,1,2,February,7,7,Sunday,True,False,1,2025,Winter,True
20250217,2025-02-17,2025,1,2,February,8,1,Monday,False,False,1,2025,Winter,True
20250218,2025-02-18,2025,1,2,February,8,2,Tuesday,False,False,1,2025,Winter,True
20250219,2025-02-19,2025,1,2,February,8,3,Wednesday,False,False,1,2025,Winter,True
20250220,2025-02-20,2025,1,2,February,8,4,Thursday,False,False,1,2025,Winter,True
20250221,2025-02-21,2025,1,2,February,8,5,Friday,False,False,1,2025,Winter,True
20250222,2025-02-22,2025,1,2,February,8,6,Saturday,True,False,1,2025,Winter,True
20250223,2025-02-23,2025,1,2,February,8,7,Sunday,True,False,1,2025,Winter,True
20250224,2025-02-24,2025,1,2,February,9,1,Monday,False,False,1,2025,Winter,True
20250225,2025-02-25,2025,1,2,February,9,2,Tuesday,False,False,1,2025,Winter,True
20250226,2025-02-26,2025,1,2,February,9,3,Wednesday,False,False,1,2025,Winter,True
20250227,2025-02-27,2025,1,2,February,9,4,Thursday,False,False,1,2025,Winter,True
20250228,2025-02-28,2025,1,2,February,9,5,Friday,False,False,1,2025,Winter,True
20250301,2025-03-01,2025,1,3,March,9,6,Saturday,True,False,1,2025,Spring,True
20250302,2025-03-02,2025,1,3,March,9,7,Sunday,True,False,1,2025,Spring,True
20250303,2025-03-03,2025,1,3,March,10,1,Monday,False,False,1,2025,Spring,True
20250304,2025-03-04,2025,1,3,March,10,2,Tuesday,False,False,1,2025,Spring,True
20250305,2025-03-05,2025,1,3,March,10,3,Wednesday,False,False,1,2025,Spring,True
20250306,2025-03-06,2025,1,3,March,10,4,Thursday,False,False,1,2025,Spring,True
20250307,2025-03-07,2025,1,3,March,10,5,Friday,False,False,1,2025,Spring,True
20250308,2025-03-08,2025,1,3,March,10,6,Saturday,True,False,1,2025,Spring,True
20250309,2025-03-09,2025,1,3,March,10,7,Sunday,True,False,1,2025,Spring,True
20250310,2025-03-10,2025,1,3,March,11,1,Monday,False,False,1,2025,Spring,True
20250311,2025-03-11,2025,1,3,March,11,2,Tuesday,False,False,1,2025,Spring,True
20250312,2025-03-12,2025,1,3,March,11,3,Wednesday,False,False,1,2025,Spring,True
20250313,2025-03-13,2025,1,3,March,11,4,Thursday,False,False,1,2025,Spring,True
20250314,2025-03-14,2025,1,3,March,11,5,Friday,False,False,1,2025,Spring,True
20250315,2025-03-15,2025,1,3,March,11,6,Saturday,True,False,1,2025,Spring,True
20250316,2025-03-16,2025,1,3,March,11,7,Sunday,True,False,1,2025,Spring,False
20250317,2025-03-17,2025,1,3,March,12,1,Monday,False,False,1,2025,Spring,False
20250318,2025-03-18,2025,1,3,March,12,2,Tuesday,False,False,1,2025,Spring,False
20250319,2025-03-19,2025,1,3,March,12,3,Wednesday,False,False,1,2025,Spring,False
20250320,2025-03-20,2025,1,3,March,12,4,Thursday,False,False,1,2025,Spring,False
20250321,2025-03-21,2025,1,3,March,12,5,Friday,False,False,1,2025,Spring,False
20250322,2025-03-22,2025,1,3,March,12,6,Saturday,True,False,1,2025,Spring,False
20250323,2025-03-23,2025,1,3,March,12,7,Sunday,True,False,1,2025,Spring,False
20250324,2025-03-24,2025,1,3,March,13,1,Monday,False,False,1,2025,Spring,False
20250325,2025-03-25,2025,1,3,March,13,2,Tuesday,False,False,1,2025,Spring,False
20250326,2025-03-26,2025,1,3,March,13,3,Wednesday,False,False,1,2025,Spring,False
20250327,2025-03-27,2025,1,3,March,13,4,Thursday,False,False,1,2025,Spring,False
20250328,2025-03-28,2025,1,3,March,13,5,Friday,False,False,1,2025,Spring,False
20250329,2025-03-29,2025,1,3,March,13,6,Saturday,True,False,1,2025,Spring,False
20250330,2025-03-30,2025,1,3,March,13,7,Sunday,True,False,1,2025,Spring,False
20250331,2025-03-31,2025,1,3,March,14,1,Monday,False,False,1,2025,Spring,False
20250401,2025-04-01,2025,2,4,April,14,2,Tuesday,False,False,2,2025,Spring,False
20250402,2025-04-02,2025,2,4,April,14,3,Wednesday,False,False,2,2025,Spring,False
20250403,2025-04-03,2025,2,4,April,14,4,Thursday,False,False,2,2025,Spring,False
20250404,2025-04-04,2025,2,4,April,14,5,Friday,False,False,2,2025,Spring,False
20250405,2025-04-05,2025,2,4,April,14,6,Saturday,True,False,2,2025,Spring,False
20250406,2025-04-06,2025,2,4,April,14,7,Sunday,True,False,2,2025,Spring,False
20250407,2025-04-07,2025,2,4,April,15,1,Monday,False,False,2,2025,Spring,False
20250408,2025-04-08,2025,2,4,April,15,2,Tuesday,False,False,2,2025,Spring,False
20250409,2025-04-09,2025,2,4,April,15,3,Wednesday,False,False,2,2025,Spring,False
20250410,2025-04-10,2025,2,4,April,15,4,Thursday,False,False,2,2025,Spring,False
20250411,2025-04-11,2025,2,4,April,15,5,Friday,False,False,2,2025,Spring,False
20250412,2025-04-12,2025,2,4,April,15,6,Saturday,True,False,2,2025,Spring,False
20250413,2025-04-13,2025,2,4,April,15,7,Sunday,True,False,2,2025,Spring,False
20250414,2025-04-14,2025,2,4,April,16,1,Monday,False,False,2,2025,Spring,False
20250415,2025-04-15,2025,2,4,April,16,2,Tuesday,False,False,2,2025,Spring,False
20250416,2025-04-16,2025,2,4,April,16,3,Wednesday,False,False,2,2025,Spring,False
20250417,2025-04-17,2025,2,4,April,16,4,Thursday,False,False,2,2025,Spring,False
20250418,2025-04-18,2025,2,4,April,16,5,Friday,False,False,2,2025,Spring,False
20250419,2025-04-19,2025,2,4,April,16,6,Saturday,True,False,2,2025,Spring,False
20250420,2025-04-20,2025,2,4,April,16,7,Sunday,True,False,2,2025,Spring,False
20250421,2025-04-21,2025,2,4,April,17,1,Monday,False,False,2,2025,Spring,False
20250422,2025-04-22,2025,2,4,April,17,2,Tuesday,False,False,2,2025,Spring,False
20250423,2025-04-23,2025,2,4,April,17,3,Wednesday,False,False,2,2025,Spring,False
20250424,2025-04-24,2025,2,4,April,17,4,Thursday,False,False,2,2025,Spring,False
20250425,2025-04-25,2025,2,4,April,17,5,Friday,False,False,2,2025,Spring,False
20250426,2025-04-26,2025,2,4,April,17,6,Saturday,True,False,2,2025,Spring,False
20250427,2025-04-27,2025,2,4,April,17,7,Sunday,True,False,2,2025,Spring,False
20250428,2025-04-28,2025,2,4,April,18,1,Monday,False,False,2,2025,Spring,False
20250429,2025-04-29,2025,2,4,April,18,2,Tuesday,False,False,2,2025,Spring,False
20250430,2025-04-30,2025,2,4,April,18,3,Wednesday,False,False,2,2025,Spring,False
20250501,2025-05-01,2025,2,5,May,18,4,Thursday,False,False,2,2025,Spring,False
20250502,2025-05-02,2025,2,5,May,18,5,Friday,False,False,2,2025,Spring,False
20250503,2025-05-03,2025,2,5,May,18,6,Saturday,True,False,2,2025,Spring,False
20250504,2025-05-04,2025,2,5,May,18,7,Sunday,True,False,2,2025,Spring,False
20250505,2025-05-05,2025,2,5,May,19,1,Monday,False,False,2,2025,Spring,False
20250506,2025-05-06,2025,2,5,May,19,2,Tuesday,False,False,2,2025,Spring,False
20250507,2025-05-07,2025,2,5,May,19,3,Wednesday,False,False,2,2025,Spring,False
20250508,2025-05-08,2025,2,5,May,19,4,Thursday,False,False,2,2025,Spring,False
20250509,2025-05-09,2025,2,5,May,19,5,Friday,False,False,2,2025,Spring,False
20250510,2025-05-10,2025,2,5,May,19,6,Saturday,True,False,2,2025,Spring,False
20250511,2025-05-11,2025,2,5,May,19,7,Sunday,True,False,2,2025,Spring,False
20250512,2025-05-12,2025,2,5,May,20,1,Monday,False,False,2,2025,Spring,False
20250513,2025-05-13,2025,2,5,May,20,2,Tuesday,False,False,2,2025,Spring,False
20250514,2025-05-14,2025,2,5,May,20,3,Wednesday,False,False,2,2025,Spring,False
20250515,2025-05-15,2025,2,5,May,20,4,Thursday,False,False,2,2025,Spring,False
20250516,2025-05-16,2025,2,5,May,20,5,Friday,False,False,2,2025,Spring,False
20250517,2025-05-17,2025,2,5,May,20,6,Saturday,True,False,2,2025,Spring,False
20250518,2025-05-18,2025,2,5,May,20,7,Sunday,True,False,2,2025,Spring,False
20250519,2025-05-19,2025,2,5,May,21,1,Monday,False,False,2,2025,Spring,False
20250520,2025-05-20,2025,2,5,May,21,2,Tuesday,False,False,2,2025,Spring,False
20250521,2025-05-21,2025,2,5,May,21,3,Wednesday,False,False,2,2025,Spring,False
20250522,2025-05-22,2025,2,5,May,21,4,Thursday,False,False,2,2025,Spring,False
20250523,2025-05-23,2025,2,5,May,21,5,Friday,False,False,2,2025,Spring,False
20250524,2025-05-24,2025,2,5,May,21,6,Saturday,True,False,2,2025,Spring,False
20250525,2025-05-25,2025,2,5,May,21,7,Sunday,True,False,2,2025,Spring,False
20250526,2025-05-26,2025,2,5,May,22,1,Monday,False,True,2,2025,Spring,False
20250527,2025-05-27,2025,2,5,May,22,2,Tuesday,False,False,2,2025,Spring,False
20250528,2025-05-28,2025,2,5,May,22,3,Wednesday,False,False,2,2025,Spring,False
20250529,2025-05-29,2025,2,5,May,22,4,Thursday,False,False,2,2025,Spring,False
20250530,2025-05-30,2025,2,5,May,22,5,Friday,False,False,2,2025,Spring,False
20250531,2025-05-31,2025,2,5,May,22,6,Saturday,True,False,2,2025,Spring,False
20250601,2025-06-01,2025,2,6,June,22,7,Sunday,True,False,2,2025,Summer,False
20250602,2025-06-02,2025,2,6,June,23,1,Monday,False,False,2,2025,Summer,False
20250603,2025-06-03,2025,2,6,June,23,2,Tuesday,False,False,2,2025,Summer,False
20250604,2025-06-04,2025,2,6,June,23,3,Wednesday,False,False,2,2025,Summer,False
20250605,2025-06-05,2025,2,6,June,23,4,Thursday,False,False,2,2025,Summer,False
20250606,2025-06-06,2025,2,6,June,23,5,Friday,False,False,2,2025,Summer,False
20250607,2025-06-07,2025,2,6,June,23,6,Saturday,True,False,2,2025,Summer,False
20250608,2025-06-08,2025,2,6,June,23,7,Sunday,True,False,2,2025,Summer,False
20250609,2025-06-09,2025,2,6,June,24,1,Monday,False,False,2,2025,Summer,False
20250610,2025-06-10,2025,2,6,June,24,2,Tuesday,False,False,2,2025,Summer,False
20250611,2025-06-11,2025,2,6,June,24,3,Wednesday,False,False,2,2025,Summer,False
20250612,2025-06-12,2025,2,6,June,24,4,Thursday,False,False,2,2025,Summer,False
20250613,2025-06-13,2025,2,6,June,24,5,Friday,False,False,2,2025,Summer,False
20250614,2025-06-14,2025,2,6,June,24,6,Saturday,True,False,2,2025,Summer,False
20250615,2025-06-15,2025,2,6,June,24,7,Sunday,True,False,2,2025,Summer,False
20250616,2025-06-16,2025,2,6,June,25,1,Monday,False,False,2,2025,Summer,False
20250617,2025-06-17,2025,2,6,June,25,2,Tuesday,False,False,2,2025,Summer,False
20250618,2025-06-18,2025,2,6,June,25,3,Wednesday,False,False,2,2025,Summer,False
20250619,2025-06-19,2025,2,6,June,25,4,Thursday,False,False,2,2025,Summer,False
20250620,2025-06-20,2025,2,6,June,25,5,Friday,False,False,2,2025,Summer,False
20250621,2025-06-21,2025,2,6,June,25,6,Saturday,True,False,2,2025,Summer,False
20250622,2025-06-22,2025,2,6,June,25,7,Sunday,True,False,2,2025,Summer,False
20250623,2025-06-23,2025,2,6,June,26,1,Monday,False,False,2,2025,Summer,False
20250624,2025-06-24,2025,2,6,June,26,2,Tuesday,False,False,2,2025,Summer,False
20250625,2025-06-25,2025,2,6,June,26,3,Wednesday,False,False,2,2025,Summer,False
20250626,2025-06-26,2025,2,6,June,26,4,Thursday,False,False,2,2025,Summer,False
20250627,2025-06-27,2025,2,6,June,26,5,Friday,False,False,2,2025,Summer,False
20250628,2025-06-28,2025,2,6,June,26,6,Saturday,True,False,2,2025,Summer,False
20250629,2025-06-29,2025,2,6,June,26,7,Sunday,True,False,2,2025,Summer,False
20250630,2025-06-30,2025,2,6,June,27,1,Monday,False,False,2,2025,Summer,False
20250701,2025-07-01,2025,3,7,July,27,2,Tuesday,False,False,3,2025,Summer,False
20250702,2025-07-02,2025,3,7,July,27,3,Wednesday,False,False,3,2025,Summer,False
20250703,2025-07-03,2025,3,7,July,27,4,Thursday,False,False,3,2025,Summer,False
20250704,2025-07-04,2025,3,7,July,27,5,Friday,False,True,3,2025,Summer,False
20250705,2025-07-05,2025,3,7,July,27,6,Saturday,True,False,3,2025,Summer,True
20250706,2025-07-06,2025,3,7,July,27,7,Sunday,True,False,3,2025,Summer,True
20250707,2025-07-07,2025,3,7,July,28,1,Monday,False,False,3,2025,Summer,True
20250708,2025-07-08,2025,3,7,July,28,2,Tuesday,False,False,3,2025,Summer,True
20250709,2025-07-09,2025,3,7,July,28,3,Wednesday,False,False,3,2025,Summer,True
20250710,2025-07-10,2025,3,7,July,28,4,Thursday,False,False,3,2025,Summer,True
20250711,2025-07-11,2025,3,7,July,28,5,Friday,False,False,3,2025,Summer,True
20250712,2025-07-12,2025,3,7,July,28,6,Saturday,True,False,3,2025,Summer,True
20250713,2025-07-13,2025,3,7,July,28,7,Sunday,True,False,3,2025,Summer,True
20250714,2025-07-14,2025,3,7,July,29,1,Monday,False,False,3,2025,Summer,True
20250715,2025-07-15,2025,3,7,July,29,2,Tuesday,False,False,3,2025,Summer,True
20250716,2025-07-16,2025,3,7,July,29,3,Wednesday,False,False,3,2025,Summer,True
20250717,2025-07-17,2025,3,7,July,29,4,Thursday,False,False,3,2025,Summer,True
20250718,2025-07-18,2025,3,7,July,29,5,Friday,False,False,3,2025,Summer,True
20250719,2025-07-19,2025,3,7,July,29,6,Saturday,True,False,3,2025,Summer,True
20250720,2025-07-20,2025,3,7,July,29,7,Sunday,True,False,3,2025,Summer,True
20250721,2025-07-21,2025,3,7,July,30,1,Monday,False,False,3,2025,Summer,True
20250722,2025-07-22,2025,3,7,July,30,2,Tuesday,False,False,3,2025,Summer,True
20250723,2025-07-23,2025,3,7,July,30,3,Wednesday,False,False,3,2025,Summer,True
20250724,2025-07-24,2025,3,7,July,30,4,Thursday,False,False,3,2025,Summer,True
20250725,2025-07-25,2025,3,7,July,30,5,Friday,False,False,3,2025,Summer,True
20250726,2025-07-26,2025,3,7,July,30,6,Saturday,True,False,3,2025,Summer,False
20250727,2025-07-27,2025,3,7,July,30,7,Sunday,True,False,3,2025,Summer,False
20250728,2025-07-28,2025,3,7,July,31,1,Monday,False,False,3,2025,Summer,False
20250729,2025-07-29,2025,3,7,July,31,2,Tuesday,False,False,3,2025,Summer,False
20250730,2025-07-30,2025,3,7,July,31,3,Wednesday,False,False,3,2025,Summer,False
20250731,2025-07-31,2025,3,7,July,31,4,Thursday,False,False,3,2025,Summer,False
20250801,2025-08-01,2025,3,8,August,31,5,Friday,False,False,3,2025,Summer,True
20250802,2025-08-02,2025,3,8,August,31,6,Saturday,True,False,3,2025,Summer,True
20250803,2025-08-03,2025,3,8,August,31,7,Sunday,True,False,3,2025,Summer,True
20250804,2025-08-04,2025,3,8,August,32,1,Monday,False,False,3,2025,Summer,True
20250805,2025-08-05,2025,3,8,August,32,2,Tuesday,False,False,3,2025,Summer,True
20250806,2025-08-06,2025,3,8,August,32,3,Wednesday,False,False,3,2025,Summer,True
20250807,2025-08-07,2025,3,8,August,32,4,Thursday,False,False,3,2025,Summer,True
20250808,2025-08-08,2025,3,8,August,32,5,Friday,False,False,3,2025,Summer,True
20250809,2025-08-09,2025,3,8,August,32,6,Saturday,True,False,3,2025,Summer,True
20250810,2025-08-10,2025,3,8,August,32,7,Sunday,True,False,3,2025,Summer,True
20250811,2025-08-11,2025,3,8,August,33,1,Monday,False,False,3,2025,Summer,True
20250812,2025-08-12,2025,3,8,August,33,2,Tuesday,False,False,3,2025,Summer,True
20250813,2025-08-13,2025,3,8,August,33,3,Wednesday,False,False,3,2025,Summer,True
20250814,2025-08-14,2025,3,8,August,33,4,Thursday,False,False,3,2025,Summer,True
20250815,2025-08-15,2025,3,8,August,33,5,Friday,False,False,3,2025,Summer,True
20250816,2025-08-16,2025,3,8,August,33,6,Saturday,True,False,3,2025,Summer,True
20250817,2025-08-17,2025,3,8,August,33,7,Sunday,True,False,3,2025,Summer,True
20250818,2025-08-18,2025,3,8,August,34,1,Monday,False,False,3,2025,Summer,True
20250819,2025-08-19,2025,3,8,August,34,2,Tuesday,False,False,3,2025,Summer,True
20250820,2025-08-20,2025,3,8,August,34,3,Wednesday,False,False,3,2025,Summer,True
20250821,2025-08-21,2025,3,8,August,34,4,Thursday,False,False,3,2025,Summer,True
20250822,2025-08-22,2025,3,8,August,34,5,Friday,False,False,3,2025,Summer,False
20250823,2025-08-23,2025,3,8,August,34,6,Saturday,True,False,3,2025,Summer,False
20250824,2025-08-24,2025,3,8,August,34,7,Sunday,True,False,3,2025,Summer,False
20250825,2025-08-25,2025,3,8,August,35,1,Monday,False,False,3,2025,Summer,False
20250826,2025-08-26,2025,3,8,August,35,2,Tuesday,False,False,3,2025,Summer,False
20250827,2025-08-27,2025,3,8,August,35,3,Wednesday,False,False,3,2025,Summer,False
20250828,2025-08-28,2025,3,8,August,35,4,Thursday,False,False,3,2025,Summer,False
20250829,2025-08-29,2025,3,8,August,35,5,Friday,False,False,3,2025,Summer,False
20250830,2025-08-30,2025,3,8,August,35,6,Saturday,True,False,3,2025,Summer,False
20250831,2025-08-31,2025,3,8,August,35,7,Sunday,True,False,3,2025,Summer,False
20250901,2025-09-01,2025,3,9,September,36,1,Monday,False,True,3,2025,Fall,False
20250902,2025-09-02,2025,3,9,September,36,2,Tuesday,False,False,3,2025,Fall,False
20250903,2025-09-03,2025,3,9,September,36,3,Wednesday,False,False,3,2025,Fall,False
20250904,2025-09-04,2025,3,9,September,36,4,Thursday,False,False,3,2025,Fall,False
20250905,2025-09-05,2025,3,9,September,36,5,Friday,False,False,3,2025,Fall,False
20250906,2025-09-06,2025,3,9,September,36,6,Saturday,True,False,3,2025,Fall,False
20250907,2025-09-07,2025,3,9,September,36,7,Sunday,True,False,3,2025,Fall,False
20250908,2025-09-08,2025,3,9,September,37,1,Monday,False,False,3,2025,Fall,False
20250909,2025-09-09,2025,3,9,September,37,2,Tuesday,False,False,3,2025,Fall,False
20250910,2025-09-10,2025,3,9,September,37,3,Wednesday,False,False,3,2025,Fall,False
20250911,2025-09-11,2025,3,9,September,37,4,Thursday,False,False,3,2025,Fall,False
20250912,2025-09-12,2025,3,9,September,37,5,Friday,False,False,3,2025,Fall,False
20250913,2025-09-13,2025,3,9,September,37,6,Saturday,True,False,3,2025,Fall,False
20250914,2025-09-14,2025,3,9,September,37,7,Sunday,True,False,3,2025,Fall,False
20250915,2025-09-15,2025,3,9,September,38,1,Monday,False,False,3,2025,Fall,False
20250916,2025-09-16,2025,3,9,September,38,2,Tuesday,False,False,3,2025,Fall,False
20250917,2025-09-17,2025,3,9,September,38,3,Wednesday,False,False,3,2025,Fall,False
20250918,2025-09-18,2025,3,9,September,38,4,Thursday,False,False,3,2025,Fall,False
20250919,2025-09-19,2025,3,9,September,38,5,Friday,False,False,3,2025,Fall,False
20250920,2025-09-20,2025,3,9,September,38,6,Saturday,True,False,3,2025,Fall,False
20250921,2025-09-21,2025,3,9,September,38,7,Sunday,True,False,3,2025,Fall,False
20250922,2025-09-22,2025,3,9,September,39,1,Monday,False,False,3,2025,Fall,False
20250923,2025-09-23,2025,3,9,September,39,2,Tuesday,False,False,3,2025,Fall,False
20250924,2025-09-24,2025,3,9,September,39,3,Wednesday,False,False,3,2025,Fall,False
20250925,2025-09-25,2025,3,9,September,39,4,Thursday,False,False,3,2025,Fall,False
20250926,2025-09-26,2025,3,9,September,39,5,Friday,False,False,3,2025,Fall,False
20250927,2025-09-27,2025,3,9,September,39,6,Saturday,True,False,3,2025,Fall,False
20250928,2025-09-28,2025,3,9,September,39,7,Sunday,True,False,3,2025,Fall,False
20250929,2025-09-29,2025,3,9,September,40,1,Monday,False,False,3,2025,Fall,False
20250930,2025-09-30,2025,3,9,September,40,2,Tuesday,False,False,3,2025,Fall,False
20251001,2025-10-01,2025,4,10,October,40,3,Wednesday,False,False,4,2025,Fall,False
20251002,2025-10-02,2025,4,10,October,40,4,Thursday,False,False,4,2025,Fall,False
20251003,2025-10-03,2025,4,10,October,40,5,Friday,False,False,4,2025,Fall,False
20251004,2025-10-04,2025,4,10,October,40,6,Saturday,True,False,4,2025,Fall,False
20251005,2025-10-05,2025,4,10,October,40,7,Sunday,True,False,4,2025,Fall,False
20251006,2025-10-06,2025,4,10,October,41,1,Monday,False,False,4,2025,Fall,False
20251007,2025-10-07,2025,4,10,October,41,2,Tuesday,False,False,4,2025,Fall,False
20251008,2025-10-08,2025,4,10,October,41,3,Wednesday,False,False,4,2025,Fall,False
20251009,2025-10-09,2025,4,10,October,41,4,Thursday,False,False,4,2025,Fall,False
20251010,2025-10-10,2025,4,10,October,41,5,Friday,False,False,4,2025,Fall,False
20251011,2025-10-11,2025,4,10,October,41,6,Saturday,True,False,4,2025,Fall,False
20251012,2025-10-12,2025,4,10,October,41,7,Sunday,True,False,4,2025,Fall,False
20251013,2025-10-13,2025,4,10,October,42,1,Monday,False,False,4,2025,Fall,False
20251014,2025-10-14,2025,4,10,October,42,2,Tuesday,False,False,4,2025,Fall,False
20251015,2025-10-15,2025,4,10,October,42,3,Wednesday,False,False,4,2025,Fall,False
20251016,2025-10-16,2025,4,10,October,42,4,Thursday,False,False,4,2025,Fall,False
20251017,2025-10-17,2025,4,10,October,42,5,Friday,False,False,4,2025,Fall,False
20251018,2025-10-18,2025,4,10,October,42,6,Saturday,True,False,4,2025,Fall,False
20251019,2025-10-19,2025,4,10,October,42,7,Sunday,True,False,4,2025,Fall,False
20251020,2025-10-20,2025,4,10,October,43,1,Monday,False,False,4,2025,Fall,False
20251021,2025-10-21,2025,4,10,October,43,2,Tuesday,False,False,4,2025,Fall,False
20251022,2025-10-22,2025,4,10,October,43,3,Wednesday,False,False,4,2025,Fall,False
20251023,2025-10-23,2025,4,10,October,43,4,Thursday,False,False,4,2025,Fall,False
20251024,2025-10-24,2025,4,10,October,43,5,Friday,False,False,4,2025,Fall,False
20251025,2025-10-25,2025,4,10,October,43,6,Saturday,True,False,4,2025,Fall,False
20251026,2025-10-26,2025,4,10,October,43,7,Sunday,True,False,4,2025,Fall,False
20251027,2025-10-27,2025,4,10,October,44,1,Monday,False,False,4,2025,Fall,False
20251028,2025-10-28,2025,4,10,October,44,2,Tuesday,False,False,4,2025,Fall,False
20251029,2025-10-29,2025,4,10,October,44,3,Wednesday,False,False,4,2025,Fall,False
20251030,2025-10-30,2025,4,10,October,44,4,Thursday,False,False,4,2025,Fall,False
20251031,2025-10-31,2025,4,10,October,44,5,Friday,False,False,4,2025,Fall,False
20251101,2025-11-01,2025,4,11,November,44,6,Saturday,True,False,4,2025,Fall,True
20251102,2025-11-02,2025,4,11,November,44,7,Sunday,True,False,4,2025,Fall,True
20251103,2025-11-03,2025,4,11,November,45,1,Monday,False,False,4,2025,Fall,True
20251104,2025-11-04,2025,4,11,November,45,2,Tuesday,False,False,4,2025,Fall,True
20251105,2025-11-05,2025,4,11,November,45,3,Wednesday,False,False,4,2025,Fall,True
20251106,2025-11-06,2025,4,11,November,45,4,Thursday,False,False,4,2025,Fall,True
20251107,2025-11-07,2025,4,11,November,45,5,Friday,False,False,4,2025,Fall,True
20251108,2025-11-08,2025,4,11,November,45,6,Saturday,True,False,4,2025,Fall,True
20251109,2025-11-09,2025,4,11,November,45,7,Sunday,True,False,4,2025,Fall,True
20251110,2025-11-10,2025,4,11,November,46,1,Monday,False,False,4,2025,Fall,True
20251111,2025-11-11,2025,4,11,November,46,2,Tuesday,False,False,4,2025,Fall,True
20251112,2025-11-12,2025,4,11,November,46,3,Wednesday,False,False,4,2025,Fall,True
20251113,2025-11-13,2025,4,11,November,46,4,Thursday,False,False,4,2025,Fall,True
20251114,2025-11-14,2025,4,11,November,46,5,Friday,False,False,4,2025,Fall,True
20251115,2025-11-15,2025,4,11,November,46,6,Saturday,True,False,4,2025,Fall,True
20251116,2025-11-16,2025,4,11,November,46,7,Sunday,True,False,4,2025,Fall,True
20251117,2025-11-17,2025,4,11,November,47,1,Monday,False,False,4,2025,Fall,True
20251118,2025-11-18,2025,4,11,November,47,2,Tuesday,False,False,4,2025,Fall,True
20251119,2025-11-19,2025,4,11,November,47,3,Wednesday,False,False,4,2025,Fall,True
20251120,2025-11-20,2025,4,11,November,47,4,Thursday,False,False,4,2025,Fall,True
20251121,2025-11-21,2025,4,11,November,47,5,Friday,False,False,4,2025,Fall,True
20251122,2025-11-22,2025,4,11,November,47,6,Saturday,True,False,4,2025,Fall,True
20251123,2025-11-23,2025,4,11,November,47,7,Sunday,True,False,4,2025,Fall,True
20251124,2025-11-24,2025,4,11,November,48,1,Monday,False,False,4,2025,Fall,True
20251125,2025-11-25,2025,4,11,November,48,2,Tuesday,False,False,4,2025,Fall,True
20251126,2025-11-26,2025,4,11,November,48,3,Wednesday,False,False,4,2025,Fall,True
20251127,2025-11-27,2025,4,11,November,48,4,Thursday,False,True,4,2025,Fall,True
20251128,2025-11-28,2025,4,11,November,48,5,Friday,False,True,4,2025,Fall,True
20251129,2025-11-29,2025,4,11,November,48,6,Saturday,True,False,4,2025,Fall,True
20251130,2025-11-30,2025,4,11,November,48,7,Sunday,True,False,4,2025,Fall,True
20251201,2025-12-01,2025,4,12,December,49,1,Monday,False,False,4,2025,Winter,True
20251202,2025-12-02,2025,4,12,December,49,2,Tuesday,False,False,4,2025,Winter,True
20251203,2025-12-03,2025,4,12,December,49,3,Wednesday,False,False,4,2025,Winter,True
20251204,2025-12-04,2025,4,12,December,49,4,Thursday,False,False,4,2025,Winter,True
20251205,2025-12-05,2025,4,12,December,49,5,Friday,False,False,4,2025,Winter,True
20251206,2025-12-06,2025,4,12,December,49,6,Saturday,True,False,4,2025,Winter,True
20251207,2025-12-07,2025,4,12,December,49,7,Sunday,True,False,4,2025,Winter,True
20251208,2025-12-08,2025,4,12,December,50,1,Monday,False,False,4,2025,Winter,True
20251209,2025-12-09,2025,4,12,December,50,2,Tuesday,False,False,4,2025,Winter,True
20251210,2025-12-10,2025,4,12,December,50,3,Wednesday,False,False,4,2025,Winter,True
20251211,2025-12-11,2025,4,12,December,50,4,Thursday,False,False,4,2025,Winter,True
20251212,2025-12-12,2025,4,12,December,50,5,Friday,False,False,4,2025,Winter,True
20251213,2025-12-13,2025,4,12,December,50,6,Saturday,True,False,4,2025,Winter,True
20251214,2025-12-14,2025,4,12,December,50,7,Sunday,True,False,4,2025,Winter,True
20251215,2025-12-15,2025,4,12,December,51,1,Monday,False,False,4,2025,Winter,True
20251216,2025-12-16,2025,4,12,December,51,2,Tuesday,False,False,4,2025,Winter,True
20251217,2025-12-17,2025,4,12,December,51,3,Wednesday,False,False,4,2025,Winter,True
20251218,2025-12-18,2025,4,12,December,51,4,Thursday,False,False,4,2025,Winter,True
20251219,2025-12-19,2025,4,12,December,51,5,Friday,False,False,4,2025,Winter,True
20251220,2025-12-20,2025,4,12,December,51,6,Saturday,True,False,4,2025,Winter,True
20251221,2025-12-21,2025,4,12,December,51,7,Sunday,True,False,4,2025,Winter,True
20251222,2025-12-22,2025,4,12,December,52,1,Monday,False,False,4,2025,Winter,True
20251223,2025-12-23,2025,4,12,December,52,2,Tuesday,False,False,4,2025,Winter,True
20251224,2025-12-24,2025,4,12,December,52,3,Wednesday,False,False,4,2025,Winter,True
20251225,2025-12-25,2025,4,12,December,52,4,Thursday,False,True,4,2025,Winter,False
20251226,2025-12-26,2025,4,12,December,52,5,Friday,False,False,4,2025,Winter,False
20251227,2025-12-27,2025,4,12,December,52,6,Saturday,True,False,4,2025,Winter,False
20251228,2025-12-28,2025,4,12,December,52,7,Sunday,True,False,4,2025,Winter,False
20251229,2025-12-29,2025,4,12,December,1,1,Monday,False,False,4,2025,Winter,False
20251230,2025-12-30,2025,4,12,December,1,2,Tuesday,False,False,4,2025,Winter,False
20251231,2025-12-31,2025,4,12,December,1,3,Wednesday,False,False,4,2025,Winter,False
